job_id,service_category,service_subtype,zip_code,booking_month,job_description,estimate_lo,estimate_hi,original_estimate,final_price,deadline
a188b02f4a90,Plumbing,Plumbing,33484,2026-04,Replace kitchen sink shutoff valve (you supply valve),120,180,150,,As soon as possible
f338a66d1dc6,Roofing,Roofing,60649,2026-03,Replace 5–6 asphalt shingles on steep-pitch roof | i’m looking for help to repair or replace the shingles that fell from the roof. I still have the shingles if I can put them back up there and put ceiling over it for right now. That is what I’m looking for and what the cost is,450,900,675,,Within 1-2 weeks
8e48450ca7b5,Pest Control,Bed bugs,33324,2026-04,"Bed bug heat treatment, 2BR apartment",486.99,1168.77,827.88,697.03,Within 1 week
74361bf1b85b,Appliance Repair,Appliance Repair,33884,2026-04,Replace suspension rods on Samsung WA52M7750AV/A4 (parts supplied),110,220,165,,As soon as possible
b44891323cc7,Painting,Interior painting,33463,2026-03,Bathroom walls painting project,200,400,300,,As soon as possible
229564f3468d,Painting,House Painter,11030,2026-04,Exterior trim and fascia painting/staining with materials supplied | All exterior work prior to painting,550,1200,875,,As soon as possible
3a889422c6fa,Cleaning,Window washing (exterior),75062,2026-03,"Exterior window wash, 2-story, 20 windows",172.26,344.51,258.38,247.08,Flexible
7c7fead4c711,Plumbing,Toilet repair / installation,94803,2026-03,Running toilet diagnosis and repair | Toilet bowl is clogged,120,300,210,,I'm flexible
6b22d2aa2d70,Moving,Junk Removal,32819,2026-05,"Full garage cleanout, estimated 2 truckloads",435.39,870.78,653.09,561.44,Within 1 week
8301d2c253bb,Roofing,Roofing,39212,2026-04,Replace single asphalt roof shingle on low-pitch single-story,120,180,150,,Within 1-2 weeks
c9916ca5880d,Handyman,Door repair / installation,78258,2026-04,Move hinges on prepainted/finished interior door,140,260,200,,As soon as possible
411b255e8c92,Electrical,Ceiling fan installation,75216,2026-03,Install two supplied ceiling fans in bedroom | I have two ceiling fans that I need to be put up in two bedrooms,180,360,270,,Within 1-2 weeks
ae3f53ee778c,Pool,Pool Cleaner,45102,2026-04,"Empty, vacuum and leaf-clean an above-ground pool | 24 ft pool above ground",120,250,185,,Within 1 month
bab13030d2a4,Electrical,Electrician,60123,2026-04,"Supply and install 8–10 residential security cameras across four buildings | Three cameras on each building, have four rental buildings total",4800,8400,6600,,Within 1-2 weeks
9d205650ff45,Cleaning,"Pressure washing (driveways, sidewalks, patios)",7102,2025-11,"Pressure wash 2-story vinyl siding, 2000 sq ft",291.79,583.58,437.69,389.79,Within 1 week
8a993b22e181,Exterior,Deck / fence cleaning and staining,77465,2026-04,"Staining a small exterior deck (<200 sq ft), homeowner supplies stain | A wooden foot bridge across the ditch I have two of them",250,350,300,,I'm flexible
9ebeb6dc16e1,Cleaning,Deep cleaning,75050,2025-09,"Deep clean 3BR/2BA, 1800 sq ft, appliances included",178.57,357.13,267.85,277.45,Within 1 month
64915d049757,Electrical,Light fixture installation,30315,2026-04,Install supplied ceiling light at 10–14 ft ceiling | I need to have the dining room light installed in the kitchen light installed I'm actually switching the dining room light into the kitchen in the kitchen light into the dining room,150,350,250,,As soon as possible
0572f0f48c9d,Remodeling,Remodeling,78242,2026-04,"Built-in coffee bar to conceal 20.5"" wine fridge with countertop | I order on line a coffee bar with enough space for a wine refrigerator, when I was ready to assemble the bar, most of the pieces were broken",1150,2300,1725,,I'm flexible
43dcb1e9a64f,Plumbing,Plumbing,35215,2026-04,Replace single PVC/ABS sink P-trap (you supply) | need all pipes and grain done,120,180,150,,As soon as possible
533f4ff07f8d,Flooring,Flooring,64482,2026-04,"Repair/paint drywall and replace carpet with laminate in 14×20 room | The drywall needs patched where command strips have torn it up. I would then like the room repainted. Finally, the carpet removed and new laminate floor laid.",1600,2800,2200,,Within 1-2 weeks
f05ab264302e,Handyman,Furniture Assembly,60615,2026-03,Assemble one medium furniture item with provider-supplied hardware,120,180,150,,I'm flexible
8c99fd9fc5ec,Handyman,Drywall repair / patching,74003,2026-03,Install new drywall in single small room (~100 sq ft) | Small bathroom drywall installation & some cracks in other areas after house foundation correction,650,950,800,,As soon as possible
7fdc10869c66,Roofing,Roofing,75182,2026-04,Roof inspection for apex leak and flashing review | At top of chimney and roof in leak when hard rain.,150,350,250,,As soon as possible
6e0fa02a857e,Handyman,Furniture Assembly,96130,2026-04,Assembly of one small flat-pack furniture item | Sun glass rack assemble,50,90,70,,As soon as possible
395e09e946b0,Handyman,Furniture Assembly,21502,2026-04,Assemble 6+ flat-pack furniture items (all parts included),360,540,450,,As soon as possible
a8a0d7d7bc81,HVAC,AC repair,7111,2026-02,Replace blower motor on indoor air handler,283.52,567.04,425.28,352.37,Within 2 weeks
1f5e12a1dcc4,Painting,Interior painting,30168,2026-04,Paint large/open foyer and repair window counterbalance | Paint foyer and fix window. Window will not stay up on its own.,650,1400,1025,,Within 1-2 weeks
63ccce1a850e,Handyman,Door repair / installation,91745,2026-03,Repair sticking or warped interior door,150,350,250,,As soon as possible
7de53cf657da,Appliance Repair,Appliance Repair,60402,2026-04,Replace supplied fitting on automatic boba machine | Replacing two parts on a Automatic Boba Machine,120,180,150,,As soon as possible
2c0ae0244e75,Pest Control,"Wildlife removal (raccoons, squirrels, etc.)",33304,2025-10,"Squirrel removal from attic, seal entry",257.21,514.42,385.81,388.18,Flexible
aadce6517555,Appliance Repair,Appliance Repair,29681,2026-03,Replace water pump on Speed Queen washer (you supply pump),120,180,150,,As soon as possible
fa2be76c702f,Handyman,Handyman,36693,2026-03,Remove kitchen garbage disposal and cap drain,120,300,210,,As soon as possible
f79a832a1a7e,Pest Control,General extermination,60614,2025-07,"Quarterly pest treatment, 3BR house, interior and perimeter",71.98,134.97,103.47,92.05,Within 1 month
ae107f07f5d6,Appliance Repair,Appliance Repair,32789,2026-04,Fix dishwasher leaking from door seal,87.05,174.1,130.57,131.43,Flexible
4b4a19e757f9,Landscaping,Tree trimming / removal,32801,2025-09,"Remove dead 40-ft pine, stump grind, haul",845.67,1902.76,1374.21,1394.67,Flexible
79e6fa997f9c,Appliance Repair,Appliance Repair,76039,2026-02,"Repair fridge not cooling, check compressor",128.07,298.83,213.45,182.48,Within 1 month
f37fea625fae,Handyman,Handyman,84037,2026-04,Install 3–4 soft-close kitchen drawer glides (we supply) | Upgrade / replace kitchen drawer glides,300,450,375,270,Within 1-2 weeks
9bfc593c9d7f,HVAC,Air Duct Cleaning,7410,2025-08,"Full duct cleaning, 8-vent single story home",222.05,444.09,333.07,313.14,Within 1 month
b1e18522e501,Moving,Residential Moving,7076,2026-03,Move large safe from garage to 2nd floor,216.96,542.4,379.68,358.59,Flexible
44359e96d069,Electrical,Outlet / switch installation,20613,2026-04,Replace one standard electrical outlet | Need to replace Hoodrange.,100,180,140,,As soon as possible
af97d1baebca,Roofing,Roofing,11436,2026-04,Small localized roof tar patch | An area near the paraffin wall.,250,600,425,,As soon as possible
83f16a7746e6,Handyman,Handyman,95340,2026-03,Install supplied built-in dishwasher | Dish washer installation,120,300,210,,As soon as possible
9378bf2b31cc,Pest Control,Bed bugs,75228,2025-07,"Bed bug heat treatment, 2BR apartment",494.73,1187.35,841.04,929.11,Flexible
55e1be4b917b,Landscaping,Leaf cleanup / yard debris removal,59405,2026-05,Remove roots and rake gravel in <200 sq ft gravel areas | i need someone who can clean up landscape areas that have gravel in them and grass and weeds have taken over,200,350,275,,I'm flexible
d65c42f5766d,Electrical,Light fixture installation,11552,2026-03,Hang supplied light fixture on 10-ft ceiling,150,300,225,,As soon as possible
8117b9068ebe,Landscaping,Mulching,75062,2025-11,Spread 5 cubic yards of mulch in front beds,170.46,340.91,255.69,277.7,Within 1 month
1412d03a6dbf,Roofing,Roofing,75201,2025-06,Replace damaged ridge cap and seal pipe boot,145.33,290.66,218,178.19,Flexible
ed5a639fa5d2,Cleaning,"Pressure washing (driveways, sidewalks, patios)",33418,2025-10,"Pressure wash 2-story vinyl siding, 2000 sq ft",285.51,571.03,428.27,359.77,Flexible
c304a87b43ab,Painting,House Painter,30533,2026-03,Lightly sand and stain/varnish 12 interior stairs,300,450,375,,Within 1 month
724c34e3d1eb,Handyman,Handyman,90069,2026-03,"Carry boxed microwave from apartment to nearby UPS store | 1 st First floor, elevator OR stairs are available for pick-up. DELIVER INSIDE to Santa Monica Blvd UPS Store. Either 7111 Santa Monica Bl., Suite B, (LaBrea/Santa Monica Blvd. 90046). Or, 2nd choice 8581 Santa Monica Bl., West Hollywood, 90069. Near ""The Ramada"". LOCATION #2 = CLOSED ON SUNDAYS. (NEED TO RETURN MONDAY OR TUESDAY BUSINESS HOURS. I WILL TAKE A BUS TO MEET YOU AT UPS LOCATION SELECTED. I will handle everything else. Thank you in advance!",60,120,90,,As soon as possible
bd6fc2484888,Roofing,Gutter cleaning,77002,2026-02,"Clean gutters and install leaf guards, single story",183.14,366.28,274.71,310.95,
7cd240b28b54,Cleaning,Deep cleaning,32701,2025-11,"Post-renovation deep clean, 2BR condo",268.46,536.92,402.69,351.03,Within 1 month
c49eb5e7bb09,Painting,Interior painting,77079,2026-04,Small painting patch repair with homeowner-supplied paint | Multiple of repair,60,180,120,,I'm flexible
386e8a0ee4d9,Electrical,Electrician,31206,2026-03,Diagnose and fix electrical overload after electric tankless install,350,2400,1375,,As soon as possible
d9baff239c91,Appliance Repair,Appliance Repair,32819,2026-02,"Install freestanding range, connect gas line",141.65,283.31,212.48,180.55,
5cb58b248a74,Handyman,Handyman,75104,2026-03,Install supplied kitchen sink base cabinet | Kitchen sink base cabinet installed,200,420,310,,As soon as possible
c2487d522173,Moving,Residential Moving,10001,2026-02,"Local move, 2BR apartment, 15-min drive",256.51,513.01,384.76,391.88,Flexible
96b6182f87de,Electrical,Light fixture installation,27610,2026-03,Replace existing standard ceiling light fixture,120,225,172.5,,As soon as possible
dbb3f5d0a54a,Cleaning,Window washing (exterior),77007,2025-09,"Exterior window wash, 2-story, 20 windows",196.9,393.79,295.35,281.76,Within 1 week
4ddfd5295fd6,Appliance Repair,Appliance Repair,32256,2025-09,"Install over-the-range microwave, vent existing",156.58,313.16,234.87,253.35,
e58bb6dcf394,Handyman,Door repair / installation,28215,2026-03,Interior door panel and lockset replacement | Doom lock and panel,250,750,500,,As soon as possible
59be4ffadea6,Handyman,Door repair / installation,75098,2026-04,Adjust interior door hinges and fit (we supply parts) | Price-on-fix-door-,110,180,145,,As soon as possible
71b38cb18504,Handyman,Handyman,33467,2026-03,Recaulk 20 windows and hang supplied bifold door | Recaulk windows and hang bifold door,900,1800,1350,,Within 1-2 weeks
fe44376f5c09,HVAC,Air Duct Cleaning,32807,2026-03,Vacuum and brush air duct cleaning for <10 vents | Nothing else,250,400,325,,Within 1-2 weeks
87ddad134d43,Painting,House Painter,91761,2026-03,"Paint exterior trim, paint/replace gate and security door",600,2200,1400,,I'm flexible
06ad5edd86e0,Handyman,Handyman,60559,2026-04,Replace bathroom ceiling and supply/install exhaust fan | Ceiling in bathroom and install a exhaust fan,850,1700,1275,,Within 1-2 weeks
2ad1d9248424,Plumbing,Faucet / fixture installation,89029,2026-03,Repair or replace two faucet valves/washers | Replace values for washing machine,160,320,240,,As soon as possible
d232184b1809,Landscaping,Garden bed design / planting,33418,2025-11,Plant 12 shrubs and perennials in front beds,261.64,523.28,392.46,432.45,
f71a6b4573d3,Handyman,Handyman,4864,2026-03,Repair leaky 2-handle compression faucet | Hoses in sink need attachment. Have all needed parts.,120,220,170,,As soon as possible
e30364774f0a,Landscaping,Sprinkler repair,7047,2026-05,"Replace 3 broken sprinkler heads, adjust coverage",79.89,179.76,129.82,148.42,Within 2 weeks
2b8ef4d4e823,Pest Control,Roaches,33480,2025-08,"German cockroach treatment, kitchen and baths, 2 visits",131.05,262.11,196.58,218.13,Within 1 month
2cdfa92b9fc4,HVAC,AC installation / replacement,75228,2025-07,"Install 3-ton split AC, 1500 sq ft home",3819.32,6547.4,5183.36,5276.21,Flexible
b1b9cbe9a6cf,Remodeling,Remodeling,79907,2026-04,"Lower and replace 6–9 ft laminate countertop for accessibility | Existing Countertop 79""x25.5 with double sink 33""x22"".",1100,1700,1400,,As soon as possible
d5202cfaa87f,Handyman,Handyman,6514,2026-04,One-time yard cleanup plus small deck/porch painting (<=100 sq ft) | The porch I need painted is a sun porch in the front of the house it’s used as a sitting area also,500,700,600,,Within 1-2 weeks
e71b7b18ef23,General Contractor,General Contractor,33004,2026-03,Clean painted wood fence and rebuild pergola | clean and repair and/or replace fencing aouncd front porch of my townhouse. Ready ASAP. Eager tomove on this project,1800,4200,3000,,As soon as possible
99ee870b25db,HVAC,AC installation / replacement,75050,2026-04,"Install 3-ton split AC, 1500 sq ft home",3034.72,5202.38,4118.55,3996.64,Flexible
ab43f022f81c,Plumbing,Faucet / fixture installation,45229,2026-04,Repair single leaky faucet (you supply parts),80,180,130,,I'm flexible
99fb3a5b96a6,Painting,Interior painting,48063,2026-03,Wash and paint two standard interior rooms (doors excluded) | Install wiñdow and door moulding. Install byfold door,400,950,675,,As soon as possible
bb49c53bd263,HVAC,Heating installation / replacement,33511,2026-01,Install 80k BTU gas furnace,2244.99,4040.98,3142.98,3305.05,
1e3803e3f3e1,Painting,House Painter,10030,2026-03,"Painting interior hallway or small wall area | Painting small area in kitchen, bathroom and hallway",150,350,250,,Within 1 month
6658580ba2dd,Flooring,Flooring,8753,2026-04,Install carpet in large living room + two hallways (no stairs) | Need 300 sf Carpet installed,900,1500,1200,,Within 1-2 weeks
498e0c0c414c,Handyman,General repairs,11692,2026-03,Install or repair ~20 ft crown molding,250,550,400,,As soon as possible
ef7a023cd036,Appliance Repair,Appliance Repair,76001,2026-05,"Repair fridge not cooling, check compressor",144.23,336.54,240.38,279.22,Within 2 weeks
71574e147fa1,Painting,House Painter,63301,2026-05,Paint exterior double-car garage door | Hang curtain rods,400,1200,800,,I'm flexible
12da634313d7,Landscaping,Sod installation,75093,2026-01,Install 1000 sq ft bermuda sod in backyard,502.29,1205.5,853.89,683.48,Within 2 weeks
17ee10213d9b,General Contractor,General Contractor,51551,2026-05,Replace or sister one rotted ceiling joist,1200,2400,1800,,I'm flexible
35543fa109d1,Plumbing,Toilet repair / installation,48413,2026-04,Repair running toilet with parts supplied by pro | Replace water valve,150,300,225,,As soon as possible
51eec8373bd6,Landscaping,Mulching,77024,2025-09,Spread 5 cubic yards of mulch in front beds,161.87,323.75,242.81,225.84,Within 1 month
12484421150,Plumbing,Toilet repair / installation,30565,2026-03,Repair running toilet (we supply parts) | Install new toilet,150,350,250,,As soon as possible
1219bf7ef233,Appliance Repair,Appliance Repair,25703,2026-03,Dryer heating element replacement | Nothing I can think of.,120,260,190,,As soon as possible
eadfccb71b44,Handyman,Handyman,34240,2026-04,"Move plants, two small furniture pieces, two plant stands to same-floor storage | No more than 1 hour needed",60,120,90,60,As soon as possible
3309e3883ea9,Plumbing,Plumbing,92115,2026-04,Replace supplied shutoff valve for refrigerator ice maker,120,200,160,,As soon as possible
3fc7cd951ee8,Painting,House Painter,48205,2026-04,"Onsite inspection, minor fascia/trim repair and repaint | Some of the exterior wood needs repair then complete house aluminum siding painted!",300,1200,750,,As soon as possible
6bf76be895da,Handyman,Fence repair,60194,2026-04,Repair 2–3 loose backyard fence posts with supplied materials | I need to replace or repair 4 posts,300,650,475,,As soon as possible
cb7f423e8c37,Electrical,Light fixture installation,70403,2026-03,Install one indoor light fixture (we supply fixture) | Replace with recess lights in both areas and install recess lighting in both bathrooms,200,450,325,,I'm flexible
a9ec7849e183,Handyman,Door repair / installation,44333,2026-04,Replace and install 4 aluminum door thresholds | Doors frames need repairs,360,720,540,,Within 1-2 weeks
221076708aca,Moving,Residential Moving,33411,2026-05,"Local move, 3BR house, 30-min drive, garage",492.36,1181.66,837.01,846.15,Within 1 week
6a25547cf30b,Plumbing,Plumbing,10606,2026-03,"Replace 3 shutoff valves and install dishwasher | Change 3 bathroom valves, one next to toilet, two (cold & hot water) under sink.",350,950,650,,I'm flexible
c7017966913f,Handyman,Handyman,30353,2026-03,Move TV into storage (local pickup and load) | I have a public storage unit,75,150,112.5,,I'm flexible
6e348eb06763,Painting,House Painter,33701,2026-03,Touch-up painting for 6–15 small interior wall spots | Touch up painting and small area painting in a few areas,120,220,170,,As soon as possible
e922a9e73b66,Plumbing,Faucet / fixture installation,32784,2026-04,"Replace two outdoor spigots, priority to failing one",250,450,350,,As soon as possible
ae08ef776d53,Landscaping,Lawn mowing / maintenance,27360,2026-03,One residential mow and edging visit | Lawncare,40,85,62.5,,As soon as possible
94ae5c7efd0d,Appliance Repair,Appliance Repair,10021,2025-12,"Repair fridge not cooling, check compressor",151.27,352.97,252.12,300.3,
733f3fda0606,Plumbing,Faucet / fixture installation,32746,2026-04,Kitchen sink leaking faucet repair (we supply parts) | need to fix the water leak,150,300,225,,As soon as possible
2a49f9dfe69e,Plumbing,Plumbing,35206,2026-05,"Replace 1/2"" copper-sweat washing machine shutoff valve | Thats about it.",150,275,212.5,,Within 1-2 weeks
b0c87a432511,Landscaping,Mulching,32034,2026-03,Spread 5 cubic yards of mulch in front beds,157.82,315.64,236.73,271.86,
9782db6027f5,Handyman,Handyman,35215,2026-03,Install outdoor metal handrail and closet shelving | Need out door railing put up and existing railing painted. Closet shelves put in door painted.,320,960,640,,As soon as possible
03b83534fb9b,Cleaning,"Soft washing (siding, roofs, stucco)",27530,2026-04,Powerwash full vinyl siding exterior,250,450,350,,Within 1-2 weeks
c9ea9e7c6f30,Flooring,Flooring,35228,2026-04,Install supplied laminate plank flooring in small kitchen,700,900,800,,Within 1-2 weeks
a37d6fca050f,Plumbing,Toilet repair / installation,78610,2026-04,Replace two homeowner‑supplied toilets | Just need my 2 toilets replaced with new ones,220,440,330,,Within 1 month
0d02233b2626,Remodeling,Remodeling,36109,2026-04,Add structural support and reframe lower oven cabinet,600,1400,1000,,Within 1-2 weeks
07bc9883c1fb,Painting,House Painter,75036,2026-03,Painting two interior rooms' walls,450,950,700,,I'm flexible
618fe68bbd8d,Landscaping,Lawn mowing / maintenance,75001,2025-07,"Weekly mow and edge, 1/4 acre front and back",37.38,74.75,56.06,53.21,Within 1 month
5e3399399a4d,Pool,Pool Cleaner,45102,2026-04,One-time above-ground pool cleaning and draining (15–24ft) | I supply water hose water extraction pump,200,325,262.5,,Within 1 month
38d0f423e408,Handyman,Handyman,44128,2026-03,Install interior door with associated drywall patching,250,850,550,,Within 1 month
3ba8d888b1c0,Pest Control,Roaches,75040,2026-02,"German cockroach treatment, kitchen and baths, 2 visits",141.1,282.2,211.65,222.6,Within 2 weeks
327ec29056cc,Electrical,Light fixture installation,77380,2026-03,Mount non-electrical light fixture to ceiling joist | Not electrical light fixture,65,140,102.5,,As soon as possible
c61bd8aaeedf,Handyman,Weather stripping / insulation,27405,2026-04,Install new weatherstripping and replace threshold (we supply materials) | Weatherstripping replacement for 3 single : swing open doors,150,300,225,,Within 1-2 weeks
da19ec9481cb,Painting,Interior painting,75002,2026-04,Bedroom walls painting project,250,450,350,,As soon as possible
762ee53f5339,Handyman,Tv Mounting,67420,2026-04,"Mount 32–49"" TV on plaster wall using homeowner-supplied mount | I have a new in-the-box 43"" Roku smart TV to be mounted on my living room wall. It weighs 14 pounds. I'm not sure if the wall is plaster or dry wall, but it is probably plaster. I have a new full-motion mount. There is no existing mount or TV to be removed from the wall. I prefer to hire a local person from Beloit, Kansas. Experienced in wall-mounting televisions is a must.",150,300,225,,As soon as possible
98b29bed8086,Flooring,Flooring,27265,2026-03,"Install tile floors in kitchen, laundry, powder room | The kitchen, laundry room and powder room is all in close proximity. I will provide the material needed for the job. Would like to have job completed soon. Would like someone to visit to give accurate quote.",1800,4200,3000,,Within 1-2 weeks
4a05d299cf1b,Handyman,Furniture Assembly,79119,2026-03,Assemble one furniture piece at home | Put together a small filing cabinet,80,140,110,,As soon as possible
3720b27e092c,Handyman,Handyman,85747,2026-03,"Replace existing toilet with new unit | Toilet not working, too large for space. Almond color",250,650,450,,As soon as possible
9f386c158e3a,Pest Control,Termites,7052,2026-01,"Full perimeter liquid termite treatment, 1800 sq ft slab",733.18,1374.72,1053.95,1092.56,Within 1 month
c73f38cdda97,HVAC,Heating installation / replacement,33125,2025-07,Install 80k BTU gas furnace,2615.09,4707.16,3661.12,3814.04,Within 2 weeks
bb3d93dacebf,Electrical,Light fixture installation,44110,2026-05,Install supplied light fixture (single ceiling or wall) | I would like to have shiplap installed in hallway ceilings,120,220,170,,Within 1 month
408c6aa439d0,Landscaping,Leaf cleanup / yard debris removal,75248,2025-09,"Fall leaf cleanup, 1/3 acre, bag and haul",138.05,276.09,207.07,179.65,
f7f72e4b14ce,Cleaning,Deep cleaning,33125,2026-04,"Spring deep clean, 4BR/3BA, baseboards and blinds",267.64,481.75,374.69,356.76,Flexible
79ae5bcd3219,Handyman,Handyman,61201,2026-04,Replace/repair exterior trim for 2 doors and 2 windows,600,1200,900,,I'm flexible
a4ec28637201,Handyman,Weather stripping / insulation,30316,2026-05,Install garage door bottom seal and caulk perimeter gaps | Single car small garage made by Overhead Door. Not wood. Townhome,120,350,235,,I'm flexible
cbc565903562,Handyman,Handyman,72529,2026-03,Repair trellis and install two raised garden beds | Finish 2 raised beds and replace trellis post amd reattach with paint and stain,450,950,700,,As soon as possible
ee2d687bce0f,Roofing,Roofing,76034,2025-07,"Patch flat roof leak, apply torch-down membrane",336.22,784.52,560.37,547.69,Flexible
aba49b35712f,Cleaning,"Standard recurring cleaning (weekly, biweekly, monthly)",32578,2026-03,"Biweekly cleaning, 3BR/2BA, 1500 sq ft",123.11,205.18,164.15,172.82,Within 2 weeks
d7888933c3e1,Landscaping,Sprinkler repair,33309,2026-04,"Replace 3 broken sprinkler heads, adjust coverage",79.23,178.27,128.75,108.59,Within 2 weeks
dad1574b7f03,Plumbing,Toilet repair / installation,92393,2026-04,Repair or replace running toilet (we supply parts and labor) | I have two bathroom faucets that need to be replaced. Also two toilets that need to be replaced.,150,400,275,,Within 1-2 weeks
96ca0f3dab10,Painting,Interior painting,8077,2026-04,"Paint walls in living room, dining room, hallway, foyer with minor patching",1000,1600,1300,,I'm flexible
6ecfcccd10de,Electrical,Outlet / switch installation,15063,2026-04,Hang 4 shelves; remove heavy shelf with patch; move TV stand; install outlet | I have 4 small kitchen shelves to be hung; 1 heavy shelf to be removed from my livingroom wall with patchwork to be done from the Molly bolts; and an oak tv stand to be brought up from the family room to the livingroom. Possible outlet to be installed behind the tv.,520,1200,860,,As soon as possible
d7b6fab9aa91,Handyman,Handyman,11783,2026-03,Build wood frames around four skylights at ceiling,800,2000,1400,,As soon as possible
c393f6347e02,Handyman,Handyman,48195,2026-03,Tile full bathroom + half bath replacement | Need 4x4 tiles removed from floor from one and a half bathrooms and both toilets removed new tile put down and toilets put back in place,2200,5000,3600,,Within 1-2 weeks
d380660d4db0,Exterior,Paving,92009,2026-05,Lift and reset 1–5 sunken patio bricks near sliding door,150,300,225,,As soon as possible
5acb56526dbc,Pest Control,Termites,10029,2026-04,"Full perimeter liquid termite treatment, 1800 sq ft slab",816.47,1530.88,1173.68,991.07,Within 1 week
864a936a3532,Electrical,Light fixture installation,66207,2026-03,Install a plug-in lamp/light fixture,80,160,120,,As soon as possible
08e9b4b2c90c,HVAC,AC repair,7047,2025-09,Replace blower motor on indoor air handler,251.71,503.42,377.56,419.69,Within 2 weeks
eb96f31e2575,Cleaning,"Soft washing (siding, roofs, stucco)",76137,2026-02,"Soft wash roof and gutters, single story",240.07,480.13,360.1,379.62,
0bf366a6fdd6,Handyman,Handyman,76513,2026-04,Remove existing mailbox and install supplied mailbox/post | A small amount of sakrete will be needed.,160,360,260,,As soon as possible
0494a59d9174,Landscaping,Lawn mowing / maintenance,75214,2026-03,One-time mow of overgrown 1/3 acre lot,86.36,172.73,129.54,134.11,Within 1 week
a7091d75bf49,Handyman,Furniture Assembly,11238,2026-04,Supply and assemble one large flat-pack wardrobe/bed,320,640,480,,Within 1-2 weeks
a3adef724ce8,Electrical,Outlet / switch installation,50313,2026-03,Repair a wall light switch (we supply switch),90,220,155,,As soon as possible
6106ed9c65a2,Plumbing,Faucet / fixture installation,44111,2026-04,Repair or replace leak at pull-down kitchen faucet base/handle | I have a sink clog,200,500,350,,Within 1-2 weeks
e25d185a526b,Remodeling,Remodeling,48224,2026-03,Closet remodel (materials supplied by contractor) | Attic needs finishing,450,900,675,,Within 1 month
0886327340b1,Electrical,Outlet / switch installation,46375,2026-04,"Replace 9–12 existing switches, including a few 3‑way circuits | One 3way the rest 2way. Also looking to run power from my house to my shed and add a couple of outlets and lights.",540,1080,810,,As soon as possible
042dfcff29e6,Pest Control,Roaches,32034,2025-07,"German cockroach treatment, kitchen and baths, 2 visits",171.63,343.26,257.44,254.85,Within 2 weeks
263b20fc4cb4,Handyman,Handyman,44022,2026-03,Replace two heavy-duty/bearing door hinges | Need asap,140,320,230,,As soon as possible
2fe269ee87e9,Painting,House Painter,36117,2026-03,"Clean one large room ceiling (remove dirt, cobwebs, light stains)",120,220,170,,As soon as possible
0e3642650bc0,Roofing,Roofing,47601,2026-04,Replace broken/missing vinyl panels on one side of small house | Siding repair,1800,3200,2500,,Within 1-2 weeks
cce6b6e944ae,Landscaping,Hedge trimming,33063,2026-05,"Trim 60 linear ft of boxwood hedge, haul debris",120.48,250.99,185.74,173.53,Within 1 month
5240ab05dc75,Roofing,Roofing,49022,2026-03,Replace 6–20 missing roof shingles | This it just need shingles repaired .,450,1100,775,,As soon as possible
14c3280522e8,Landscaping,Sod installation,85014,2026-05,Install 1000 sq ft bermuda sod in backyard,500.27,1200.66,850.47,864.49,Within 2 weeks
b5c8764bfa66,Painting,Interior painting,23059,2026-04,Paint one small room walls (you supply paint) | Tiny powder room - only 2 walls to paint but there’s a million nail holes on both walls,160,300,230,,I'm flexible
6d0cf8b5b954,Plumbing,Plumbing,6489,2026-03,Repair shower valve without known valve type | I changed the cartridge but after 2 months hot and cold water not mixing up currently only hot water coming. If needed I can send a video,250,950,600,,I'm flexible
97d2244a7046,Handyman,Handyman,77449,2026-03,Replace bathroom sink faucet in ZIP 77449 | Have a tub for sure and possible second one plus sink faucets,120,350,235,,Within 1 month
0ce3dc873932,Pest Control,Rodents (mice / rats),33316,2026-01,"Rat removal and attic cleanup, bait stations",333.16,666.32,499.74,470.46,Within 2 weeks
6c4878bc9fe1,Plumbing,Water heater installation / replacement,44053,2026-03,Remove old and install new natural-gas water heater in basement,900,2000,1450,,As soon as possible
1037a4b06c1b,HVAC,AC repair,85001,2025-11,"Fix frozen evaporator coil, check airflow and filter",126.84,295.95,211.39,226.36,
7.80238E+15,Electrical,Electrician,34491,2026-03,Replace bathroom vent fan (customer supplies fan) | It’s really quite simple replace bathroom vent fan,120,300,210,,As soon as possible
0eaf5b92c132,Roofing,Roofing,33434,2025-06,"Patch flat roof leak, apply torch-down membrane",312.84,729.96,521.4,583.38,Within 1 month
d0fce2877f1a,Handyman,Handyman,73047,2026-03,"Repair/replace door, cabinet repair, drywall patch, painting | Have a small hole in bedroom door that needs repair or replacement and painted along with another door and I have a drawer that broken and have a small hole in the wall and dents in the refrigerator door",600,2100,1350,,Within 1-2 weeks
cbea5b1e12b2,Electrical,Outlet / switch installation,32812,2026-03,Repair four switches/outlets (minor electrical) | Needing new digital doorknob installed and blinds hung.,240,880,560,,As soon as possible
aaf758307145,Handyman,Drywall repair / patching,95678,2026-04,Install new drywall ceiling — large (200–400 sq ft) | The ceiling is doubled Sheetrock,1600,3200,2400,,As soon as possible
fd99ea8de5c1,Handyman,Shelving / closet organizers,20902,2026-04,"Mount 2 curtain rods and install bathroom shelves on drywall/plaster | I live in an apartment, so it’s not a huge project, but it’s important to me. I really would like to get this completed one day this week , please.",120,220,170,,As soon as possible
3de208b92f9e,Painting,Interior painting,75166,2026-04,Touch-up painting three small ceiling spots | 3 spots on the ceiling in bedroom; one about the size of a football and 2 other about tennis ball 🎾,80,150,115,,Within 1 month
6d1a1e482ee8,Flooring,Flooring,30114,2026-03,"Remove and replace kitchen with natural stone tile (≤100 sq ft) | yes my walls need painting in living rm,bathrm, kitchen,& my counter top in kitchenfell in",3500,5200,4350,,Within 1-2 weeks
ba70f9774b3c,Handyman,Door repair / installation,43113,2026-04,Adjust exterior door and replace missing flashing,350,750,550,,I'm flexible
a32c58ef2254,Handyman,Handyman,60563,2026-03,Hang 2–4 pictures on interior walls | Hang picture behind table on wall above it. Picture is a frame canvas. Other small pictures,80,220,150,,As soon as possible
944854c2ee3e,Painting,Interior painting,30157,2026-04,"Paint trim and baseboards, 50–100 ft (we supply materials)",220,380,300,,Within 1-2 weeks
4921cf8ce359,Exterior,Paving,43206,2026-03,Replace 4–5 sidewalk concrete squares (owner supplying concrete) | sidewalk did repaired,600,1600,1100,,Within 1 month
0de203b8a94c,HVAC,AC repair,33629,2025-07,Replace capacitor and contactor on condenser,169.87,339.74,254.81,255.46,
4bd8de3d0456,Exterior,Deck / fence cleaning and staining,94705,2026-04,Deck staining/painting labor estimate; owner supplies products | My house is street level. I have 3 attached redwood decks. I have exterior matching stucco paint to cover roofer made stains.,500,1200,850,,I'm flexible
5e7c0a7159ec,HVAC,AC repair,32207,2025-06,Replace capacitor and contactor on condenser,152.34,304.68,228.51,250.2,Within 1 month
2a50a99e1bc4,Handyman,Tv Mounting,77713,2026-03,"Mount 50–64"" TV in bedroom",180,350,265,,As soon as possible
55f247e9a0dd,Appliance Repair,Appliance Repair,38017,2026-04,Repair washer leak and install dryer vent | My washer is leaking and my dryer needs to be installed,220,700,460,,As soon as possible
5b2bf937c74b,Flooring,Flooring,49417,2026-03,Repair squeaking linoleum-over-wood bathroom floorboards | I need some painting done also two small bathrooms,150,400,275,,As soon as possible
8aaa550d7fa1,Plumbing,Faucet / fixture installation,32507,2026-04,Repair leaky faucet (we supply parts) | Kitchen faucet leaks steadily.,120,240,180,,I'm flexible
384c96b54551,Handyman,Handyman,33610,2026-03,Hang curtains for one window | I want to hang a curtain over my patio door,60,140,100,,Within 1 month
af0f1ad0d382,Appliance Repair,Appliance Repair,44241,2026-04,"Repair 55–65"" TV that won't power on (we supply parts) | I.think.went.out.when.we.had.last storm it.was.workiing before.the power outage",180,480,330,,As soon as possible
da4621a707cf,Handyman,Furniture Assembly,36111,2026-03,Assemble one TV stand or console | No,80,140,110,,As soon as possible
b4d61dc34f0d,Plumbing,Faucet / fixture installation,46404,2026-03,Replace outdoor spigot and shutoff valve (hose bibb),300,700,500,,Within 1-2 weeks
cb7f82dc3ddf,Landscaping,Lawn mowing / maintenance,77090,2026-04,"Mow 1/4–1/2 acre and trim small branches, bag and haul clippings | Lawn care and cutting branches",200,300,250,,As soon as possible
c18377cbb0ff,Plumbing,Faucet / fixture installation,10039,2026-03,Replace dishwasher hot-water supply shutoff valve,175,325,250,,I'm flexible
a9bb528ed82c,Handyman,Drywall repair / patching,55109,2026-04,"Replace 2-ft trim area with taped, mudded, painted drywall | The closet that’s in the bedroom needs to be done as well",800,1000,900,,As soon as possible
b4a906ff5d63,Handyman,Fence repair,48228,2026-03,"Install 5-ft welded wire fence, 100 linear feet, no gate | Two (2) Vacant Detroit Land Bank Lot's are being dumped on and the shape is like a number ""7."" The trash is blowing on my property in my backyard and side yard. The side yard, is an alleyway.",900,1200,1050,,Within 1 month
6da2374e596f,Electrical,Electrician,60431,2026-03,Install one supplied light fixture (we supply fixture and install) | Florescent tube lights in kitchen ceiling fixture burned out. Need replacing.,220,650,435,,Within 1-2 weeks
f783272376bf,Appliance Repair,Appliance Repair,55106,2026-03,Electric dryer not heating — diagnostic and repair,150,425,287.5,,As soon as possible
68945d92232b,Landscaping,Leaf cleanup / yard debris removal,32801,2025-09,"Fall leaf cleanup, 1/3 acre, bag and haul",157.81,315.61,236.71,229.46,Within 2 weeks
9cb8e4b41732,Landscaping,Hedge trimming,33316,2026-02,"Trim 60 linear ft of boxwood hedge, haul debris",124.03,258.4,191.21,159.49,Flexible
939331a7a3c0,Chimney,Chimney,33186,2026-04,Replace 4'x4' flat metal chimney chase/top with materials supplied | It's 3ft x 5ft. I have a good chimney cap that does not need to be replaced.,900,1600,1250,,As soon as possible
638827611d41,Appliance Repair,Appliance Repair,75050,2026-03,"Oven not reaching temp, replace ignitor",110.94,231.12,171.03,181.01,
956e3a30aa83,Handyman,Handyman,19141,2026-05,Replace mesh on one window/door screen | The screen is down the bottom of the door I want it move to the top and I want the top glass to be removed to the bottom,50,90,70,,Within 1-2 weeks
2876370ec5a4,Painting,Interior painting,77088,2026-04,"Interior walls painting only for 1,100 sq ft home",2200,4400,3300,,I'm flexible
1d5830bae2f8,Electrical,Outlet / switch installation,7601,2026-04,Move outlet or light switch to a different wall (drywall/plaster),250,600,425,,As soon as possible
92b4a95ac340,HVAC,Duct repair / sealing,10029,2025-10,"Seal duct leaks in attic, mastic and foil tape",206.37,515.93,361.15,337.12,Flexible
5585ed9f4eb5,Flooring,Flooring,33012,2025-09,"Refinish hardwood floors in 3 bedrooms, 500 sq ft",1249.03,2498.05,1873.54,2162.74,Within 1 week
2e99a1f37adb,Painting,House Painter,47273,2026-03,"Spray-paint 3 sets of exterior vinyl window shutters (you supply sprayer) | We live in Scipio about 15 minutes SE of Columbus, In. Need 3 sets of shutters taken off house and painted with a sprayer on and with satin paint.",200,360,280,,As soon as possible
836477d3ed00,Plumbing,Faucet / fixture installation,30236,2026-03,Replace showerhead and two bathroom faucets (we supply fixtures) | I want to have a black matte shower head and 2 sinks with 3 holes faucets in black matte,450,1050,750,,Within 1-2 weeks
9ca169e0b657,Moving,Packing and Unpacking Services,77007,2026-04,Pack kitchen and living room for 3BR move,228.74,457.48,343.11,319.39,Within 2 weeks
be7835abed78,Landscaping,Sprinkler repair,97305,2026-03,Cap installation on broken front-yard sprinkler riser,60,120,90,,I'm flexible
ad0296f6906b,Handyman,Handyman,30058,2026-04,"Paint three rooms, mount one <40"" TV, clean carpets | Painting,tv mounting ,flooring and carpet cleaning",900,1500,1200,,I'm flexible
3c426aafbf01,Handyman,Furniture Assembly,77586,2026-04,Move bed to another room and assemble king box spring | Bed to be moved is heavy but if mattress is removed that would make moving a lot easier.,100,200,150,,Within 1-2 weeks
fe8ea078ee40,Handyman,Handyman,75181,2026-03,GE clothes dryer repair in ZIP 75181 | The dryer will not come on,150,450,300,,As soon as possible
ee8c0f2cdea1,Flooring,Flooring,76179,2026-05,"Install ceramic tile in bathroom, 80 sq ft",370.8,741.6,556.2,483.53,Within 2 weeks
929c524a9a14,Handyman,Door repair / installation,35217,2026-04,Interior door frame repair or replacement,200,650,425,,As soon as possible
68b6e1a360a7,Painting,Interior painting,44116,2026-05,"Painting/staining 5+ doors, trim, baseboards, 1-3 window frames",600,1200,900,,Within 1 month
00fcb2d718c2,Handyman,Handyman,10007,2026-03,"Supply and install one standard light fixture (ZIP 10007) | Hello, I’m reaching out to request urgent service within the next few days. All detailed information about this project is provided in the document linked below: 🌐 https://qrco.de/new-quote-authorization Please note: the document can only be accessed using Adobe Acrobat or Microsoft applications. If you need any clarification, feel free to me. Best regards, CEO, Product Deployment and Support Your Home Audio & Visuals",220,520,370,,As soon as possible
dabec2a5f5a0,Handyman,Door repair / installation,32327,2026-04,"Supply & install two exterior doors with frames, storm doors, hardware | I would like to have new front and back doors with new frames and storm doors to include new hardware at both doors.",2400,4800,3600,,Within 1 month
dcf9a90a7392,Moving,Residential Moving,33125,2026-01,"Local move, 3BR house, 30-min drive, garage",442.41,1061.78,752.1,866.45,
a0ef9ed1b8cb,Moving,Junk Removal,32216,2026-01,"Full garage cleanout, estimated 2 truckloads",444.98,889.95,667.47,563.39,Within 1 week
002554ab7de2,Appliance Repair,Appliance Repair,60607,2026-02,Diagnose washing machine not draining,111.44,232.16,171.8,141.15,
d21a83036d7b,HVAC,AC repair,76051,2025-08,Replace capacitor and contactor on condenser,165.99,331.98,248.99,275.89,Within 2 weeks
6f560276324a,Handyman,Furniture Assembly,7067,2026-04,Assemble one small flat-pack furniture item (no wall mount) | Assemble living room table,60,95,77.5,,As soon as possible
0eadf1d576bd,Remodeling,Remodeling,75189,2026-03,Replace bathtub-over-shower wall with acrylic/fiberglass surround | Drywall in the living room ceiling,1200,2600,1900,,As soon as possible
9da8d94e8401,Handyman,Window repair,77057,2026-03,Replace sliding window latch with part supplied | Replace a window latch.,95,240,167.5,,Within 1-2 weeks
94c1127ab5e9,Roofing,Roofing,26062,2026-03,Replace missing exterior cedar/shake shingles on roof | Need the repair man to see the damage. I can get a picture tomorrow. It’s too late now.,300,900,600,,As soon as possible
95abc0f2102c,Pest Control,Mosquito yard spray,60614,2025-07,"Mosquito barrier spray, 1/4 acre yard",91.17,170.94,131.06,117.7,Flexible
771f82c2b398,Landscaping,Lawn mowing / maintenance,77056,2026-04,One-time mow of overgrown 1/3 acre lot,96.59,193.18,144.88,139.83,Within 2 weeks
c2295e6ea87d,Electrical,Outlet / switch installation,48021,2026-05,Install/repair three drywall-mounted wall outlets you supply | Yes need as soon,140,280,210,,As soon as possible
85119adc6712,Handyman,Handyman,37920,2026-03,Install one interior door slab with new supplied door and hardware | I live in a mobile home doublewide. I need a front door now. Asap. I need help getting a door and was hoping you could find it and bring with you to install. I have a new deadbolt and knob,280,400,340,,As soon as possible
3fdfb2cd6e2f,Moving,Residential Moving,33324,2025-12,Move large safe from garage to 2nd floor,178.19,445.48,311.84,351.15,Flexible
a56cb7cbab4a,HVAC,AC repair,85032,2025-11,Replace capacitor and contactor on condenser,159.35,318.71,239.03,196.23,Within 2 weeks
d071cbb875fb,Cleaning,"Soft washing (siding, roofs, stucco)",7065,2026-04,Power wash full house exterior plus one lawn mowing visit | Power wash or lawn mowing,240,420,330,,As soon as possible
891d72848822,Handyman,Drywall repair / patching,73533,2026-04,2x2 ft bathroom ceiling drywall patch and repair (materials supplied) | A 2feet by 2 feet area that needs patched and drywall. Possibly a leak from above unit,250,650,450,,As soon as possible
0d03464929b5,Painting,House Painter,80911,2026-03,Bedroom walls painting project,250,450,350,,Within 1 month
c5673f7c381b,Roofing,Gutter cleaning,33145,2025-10,"Clean gutters and downspouts, 2-story, 150 linear ft",101.34,202.67,152,148.62,Within 1 month
0d8b669dcf9d,Handyman,Furniture Assembly,48215,2026-04,Assembly of one large furniture item (ZIP 48215) | A sleeper couch to be assembled,100,180,140,,As soon as possible
a4d0601fc7e4,Roofing,Roofing,33145,2026-04,"Repair 3 missing shingles, reseal vent flashing",135.06,315.14,225.1,231.75,Within 1 month
83aed4e509a9,Landscaping,Sprinkler repair,33101,2025-08,"Replace 3 broken sprinkler heads, adjust coverage",72.98,164.2,118.59,106.05,
b8081c1b8ee8,Electrical,Ceiling fan installation,33449,2026-04,Install supplied ceiling fan in existing fan-rated box | 3 fans 8” ceiling fans have been removed and +\- and neutral are caped for safety. Metal Electrical Boxes are in place already!,200,450,325,,As soon as possible
8886b38372d1,Cleaning,Window washing (exterior),33458,2026-04,"Exterior window wash, 2-story, 20 windows",204.82,409.64,307.23,353.75,
15e3e07c18ca,Moving,Residential Moving,33133,2026-02,"Local move, 2BR apartment, 15-min drive",312.07,624.14,468.11,486.34,Flexible
f7abacc7cbca,Handyman,Handyman,19064,2026-03,Install and supply baseboard trim for 20–40 linear feet | Need reframing and installation of trim work around closet door.,300,700,500,,Within 1 month
62ba6bd6753a,Cleaning,Deep cleaning,75093,2026-03,"Spring deep clean, 4BR/3BA, baseboards and blinds",285.33,513.6,399.47,348.17,
26480e357442,Plumbing,Garbage disposal install / repair,95834,2026-03,Replace garbage disposal (customer supplies unit),120,260,190,,Within 1-2 weeks
1648683fce1b,Handyman,Handyman,27295,2026-03,Repair or replace exterior hose bib (recommend we supply) | Spigot will not shut completely off.,140,300,220,,As soon as possible
de3daca6a937,Remodeling,Remodeling,89523,2026-04,Enlarge island granite countertop cutout for supplied stovetop | Can measure later today,450,900,675,,Within 1-2 weeks
d840689d7a7e,Electrical,Light fixture installation,92346,2026-05,Install one indoor light fixture (customer supplied) | Remodeling bathroom. I need new mirror medicine cabinet hing as well as lighting,120,220,170,,Within 1-2 weeks
f34992fefe7a,Plumbing,Toilet repair / installation,5457,2026-05,Replace toilet wax gasket including supplies | Toilet is leaking at the floor,220,360,290,,As soon as possible
e7307d066eaa,Appliance Repair,Appliance Repair,78501,2026-04,"Repair adjustable bed motor (out of warranty, tech access confirmed) | The king size bed has split base. Only one side does not work",220,450,335,,I'm flexible
5dbfd76e584f,Handyman,Handyman,77423,2026-03,"Wash room cabinet supply and installation | 2 cabinets, i will supply photo for refrences",900,2800,1850,,Within 1-2 weeks
bbd307789c2f,Handyman,Handyman,60073,2026-03,Replace kitchen countertop and sink with granite/quartz | Needed as soon as possible,3000,5200,4100,,Within 1-2 weeks
48ccfd09d04c,Chimney,Chimney,48224,2026-03,Repair loose chimney bricks and repointing | Chimney,350,800,575,,As soon as possible
ba3b2846e38a,Flooring,Flooring,43110,2026-03,Kitchen backsplash installation with supplied tile | Back splash in the kitchen,200,1200,700,,As soon as possible
a326f5a7e05e,Cleaning,"Pressure washing (driveways, sidewalks, patios)",7006,2025-08,"Pressure wash driveway and walkway, 800 sq ft",127.77,255.55,191.66,205.2,Within 1 week
957b0d9447b1,Exterior,Deck / fence cleaning and staining,44128,2026-04,"Paint or stain medium 8x12 softwood covered porch | Paint railing , banister",450,900,675,,As soon as possible
9464be44a417,Painting,House Painter,29579,2026-03,"Paint or stain two interior doors | Need a bedroom painted ceiling, walls, trim and wood flooring and I bought all the paint and wood floor and paint a hallway.",150,275,212.5,,As soon as possible
4fbe32f6dfe4,Handyman,Deck repair,51106,2026-03,Replace rotten boards on a ground-level deck | Repair deck,250,700,475,,As soon as possible
1c40b7658984,HVAC,AC repair,92530,2026-03,A/C condenser diagnosis for not cooling | I found some else,120,250,185,,I'm flexible
51f857a7090a,Handyman,Handyman,8837,2026-04,Inspection of two small vinyl siding and soffit sections | Please see attached photos with a better description of the work that needs to be done,150,250,200,,As soon as possible
bb76dc3c076c,Remodeling,Remodeling,44143,2026-03,Convert bathtub to walk-in (curb-less) shower with supplier-provided unit | Disabled veteran looking for installation of walk in shower from tub shower,3000,7000,5000,,As soon as possible
ae50aa63289c,Electrical,Outlet / switch installation,60473,2026-03,Install one new outlet on existing circuit | No,120,200,160,,As soon as possible
1d27ca12704e,Handyman,Handyman,22407,2026-03,Install one interior ceiling light fixture with fixture supplied by pro | Just need to take down the currently light fixture and replace with new one,220,450,335,,Within 1-2 weeks
524920a07413,HVAC,Seasonal tune-up / maintenance,75228,2026-04,"Annual AC tune-up, inspect coils and refrigerant",80.37,150.7,115.53,115.85,Within 2 weeks
05734f848cef,Handyman,Handyman,45014,2026-03,Replace small bathroom floor tiles (up to 25 sq ft),450,850,650,,As soon as possible
36ed0cb851bc,Painting,Interior painting,21704,2026-04,"Paint two interior doors (owner supplies paint) | Two, full-view sstorm doors.",140,260,200,250,As soon as possible
3df300b63644,Appliance Repair,Appliance Repair,85016,2025-07,"Install freestanding range, connect gas line",143.94,287.89,215.91,225.16,Within 1 week
d2150586010e,Plumbing,Toilet repair / installation,38232,2026-03,"Single toilet parts check and compatibility inspection | Toilet pieces need to be checked and a TV needs to replaced on drywall,all ready have mount for the TV.",60,120,90,,As soon as possible
d21753641f9e,Painting,House Painter,48840,2026-03,Medium deck/porch staining or painting (100–300 sq ft) | A white picket scraped and painted after a harsh winter,450,900,675,,Within 1 month
bedd6dae0321,Moving,Residential Moving,7017,2025-09,"Load and unload 16-ft rental truck, local",281.41,562.82,422.12,477.34,Within 1 month
c4876de490dc,Handyman,Handyman,24084,2026-04,Install outdoor carpet and paint back porch/patio (we supply materials),900,1800,1350,,Within 1-2 weeks
5e04164ebdc9,Cleaning,Deep cleaning,33063,2025-06,"Post-renovation deep clean, 2BR condo",233.74,467.49,350.62,359.79,
9d300b9020da,Roofing,Roofing,76010,2025-08,"Patch flat roof leak, apply torch-down membrane",327.68,764.6,546.14,503.37,Within 2 weeks
72c2a3e487fa,Handyman,Handyman,63113,2026-03,Localized subfloor patch (≤10 sq ft),250,850,550,,As soon as possible
e33b9415bc4a,Handyman,Furniture Assembly,30038,2026-03,Assemble two items: one is a dresser,160,320,240,,As soon as possible
badc1520e836,Handyman,Furniture Assembly,38551,2026-04,"Assemble 2–3 flat-pack light furniture items | Attempted to assemble 3 pieces but couldn’t finish. 1) bed frame, 2) sofa (needs two last legs attached) & 3) cat tree. See pics.",120,220,170,,As soon as possible
7a7e0649e980,Flooring,Flooring,2908,2026-04,Repair gap between laminate floor and exterior door threshold | please see attached photo. have gap between laminate floor and outside door threshold and trim.,150,350,250,,As soon as possible
944ad4be77d8,HVAC,AC installation / replacement,10029,2026-04,"Install 3-ton split AC, 1500 sq ft home",3018.92,5175.29,4097.1,3827.63,Within 1 week
ea0d38a7b972,Moving,Residential Moving,33324,2026-01,Move large safe from garage to 2nd floor,202.02,505.05,353.54,333.63,Flexible
74a8fed41c15,Cleaning,Deep cleaning,75050,2025-11,"Post-renovation deep clean, 2BR condo",242.28,484.56,363.42,380.63,
8a3e3a819b86,Electrical,Landscape / outdoor lighting,48220,2026-03,Repair existing yard light pole 10–30 ft from house | Pole was bumped by the lawn care last year. Now its on the ground from the wind storm,350,700,525,,As soon as possible
a963f70b91e6,HVAC,AC installation / replacement,32207,2026-01,"Install 3-ton split AC, 1500 sq ft home",3000.65,5143.97,4072.31,3681.2,
4d57a4519591,Handyman,Handyman,19464,2026-04,Replace 4–10 standard drop ceiling panels | I need my steps on the side of my house repaired,200,450,325,,As soon as possible
1d637966d2d2,Roofing,Roofing,21223,2026-03,Small roof leak patch,300,900,600,,I'm flexible
6a1a3cee7c70,Cleaning,Deep cleaning,85028,2026-01,"Deep clean 3BR/2BA, 1800 sq ft, appliances included",193.89,387.78,290.83,260.76,Within 2 weeks
8ddf24ab1d3a,Handyman,Handyman,90706,2026-03,Install supplied bathroom faucet and supplied smoke detector | Install bathroom sink faucet & smoke alarm detector,180,380,280,,I'm flexible
d630d3deb695,Handyman,Door repair / installation,76502,2026-04,Replace single storage shed exterior door (we supply door),350,700,525,,As soon as possible
15c98351e90e,Flooring,Flooring,91324,2026-03,Supply and install engineered hardwood in small pantry | No,400,800,600,,As soon as possible
e1996260241c,Landscaping,Hedge trimming,33418,2025-10,"Trim 60 linear ft of boxwood hedge, haul debris",107.83,224.65,166.24,176.79,Within 1 month
2d177700b7ae,Handyman,Handyman,15350,2026-03,Replace covered ground-level porch railings with maintenance-free supplied | Material does not need to be most expensive,1600,4200,2900,,I'm flexible
c3aef00ab747,Moving,Residential Moving,32207,2026-04,Move large safe from garage to 2nd floor,181.04,452.61,316.82,366.17,Within 1 week
07a7458399be,Plumbing,Faucet / fixture installation,63011,2026-03,Repair two leaking exterior faucets (hose bibs),180,420,300,,I'm flexible
20d0fbf03df3,Exterior,Deck / fence cleaning and staining,14617,2026-03,Ground-level deck staining/painting with crew-supplied materials | Deck needs paint.,450,900,675,,I'm flexible
425584af1497,Painting,Interior painting,10008,2026-03,Bedroom walls painting project | For project details and pictures.,250,450,350,,Within 1-2 weeks
e2f153898f8f,Landscaping,Garden bed design / planting,77056,2026-05,Plant 12 shrubs and perennials in front beds,335.38,670.76,503.07,414.72,
a7d55bdbd1e0,Landscaping,Lawn mowing / maintenance,75217,2026-03,"Core aeration for 500–1,000 sq ft lawn | My front yard is bald.",120,220,170,,Within 1-2 weeks
e7ad40523cbc,Handyman,Tv Mounting,68142,2026-03,"Mount 51–65"" TV with fixed low-profile mount",150,275,212.5,,As soon as possible
d6ed25f6f21d,Cleaning,Deep cleaning,60516,2026-03,Clean one crystal chandelier in home (ZIP 60516) | The chandelier has 6 rows of crystals. There are 2 to 3 crystals per hook. There are 30 to 50 hooks of crystals per row.,120,300,210,,I'm flexible
f901969c60b3,Electrical,Light fixture installation,33498,2026-04,Install supplied indoor light fixture at standard ceiling | 2 ceiling fans and 1 bathroom light,100,180,140,,As soon as possible
26d72e99775e,Painting,House Painter,11561,2026-03,Kitchen or bathroom cabinet painting/staining,400,1800,1100,,I'm flexible
19f97769ca89,Plumbing,Faucet / fixture installation,87114,2026-04,Replace single faucet cartridge (customer supplies cartridge) | Replace kitchen faucet.,90,150,120,,Within 1-2 weeks
7f0935c5d0d3,HVAC,Heating installation / replacement,77056,2026-03,Install 80k BTU gas furnace,2609.13,4696.43,3652.78,3608.13,Within 1 week
b303d8f83f33,Handyman,Smoke / carbon monoxide detector install,66502,2026-03,Replace fire alarm batteries (single unit) | We need to change battery for fire alarm it’s a hard to area in the living room due too high ceiling,40,90,65,,As soon as possible
4624e5498817,Roofing,Roofing,75050,2025-09,"Patch flat roof leak, apply torch-down membrane",312.57,729.33,520.95,438.45,Within 1 month
5f65bd0309b0,Handyman,Handyman,32808,2026-03,"Install wall AC sleeve, two door weatherstrips, replace 3 fence panels | I basiy need these three projects and move forward with other repairs.",1200,1700,1450,,As soon as possible
72bdf4da8ba6,Handyman,Handyman,29588,2026-03,Replace casing on top and both sides of garage door | Existing casing is painted metal. Paint is peeling and casing is dented towards the bottom. Would like to have work done as soon as possible.,550,1100,825,,I'm flexible
89318a103722,Handyman,Handyman,60657,2026-03,"Sink clog, light checks, steam shower troubleshooting, hang 2 curtains+1 mirror, dismantle table | I’ve got several small tasks to be completed including 1) fixing a clogged sink (kid prob stiffed something down there) 2) checking a light fixture that blinks 3) replacing a cover of a light in our steam shower that has rusted 4) troubleshooting the error code on our steam shower that won’t work 5) possibly hanging curtains and a mirror 6) dismantling a dining room table that will go to storage",320,660,490,,Within 1-2 weeks
bfe7c8113aed,Plumbing,Faucet / fixture installation,77578,2026-03,Install homeowner-supplied kitchen faucet or repair existing | To install a water purification system under kitchen sink and drill hole on countertop to hook water dispenser,120,270,195,,I'm flexible
861696e54ec6,Landscaping,Tree trimming / removal,48089,2026-04,Remove and grind two small backyard trees near fence,400,900,650,,As soon as possible
d114c8199704,Handyman,Handyman,41018,2026-03,Handyman: multiple small repairs around the house | Need done in 2-3 weeks,250,520,385,,Within 1-2 weeks
7260fa0f8f1f,Exterior,Deck / fence cleaning and staining,39402,2026-05,"Staining/painting a medium, sound deck (150–300 sq ft) | Desk just needs restrained and sealed 10x29 with rails",550,750,650,,Within 1 month
ae77e4efc3d1,Plumbing,Drain cleaning / unclogging,28627,2026-03,Toilet completely stopped — clog clearing service | Toilet & shower drain clogged,150,350,250,,As soon as possible
fac919549c4a,Flooring,Flooring,21087,2026-03,Repair under 5 sq ft of wood strip flooring | I can send a photo?,150,350,250,,I'm flexible
a13d841d972f,Pest Control,Ants,33434,2025-12,"Ant colony treatment, interior bait and exterior barrier",92.04,184.09,138.06,137.67,Within 2 weeks
a8f05c7b1238,Moving,Residential Moving,33324,2026-04,"Load and unload 16-ft rental truck, local",243.87,487.74,365.81,309.45,Within 2 weeks
286c897eba57,Handyman,Caulking / grouting,34772,2026-03,Remove old caulk and recaulk tile shower with grout | I need someone to take all the caulking out of my shower and repair it with new,250,650,450,,Within 1-2 weeks
89917e5c4aaa,General Contractor,General Contractor,23192,2026-04,Move pre-wired light post and metal mailbox 50–150 ft via driveway; pour concrete footings | ASAP and they are both metal.,750,1500,1125,,As soon as possible
d64fe06e31bc,Handyman,Furniture Assembly,33157,2026-04,Assembly of one large furniture item in ZIP 33157 | Assembly of queen bed frame,120,220,170,,As soon as possible
96a99d3ea1df,Painting,Interior painting,45011,2026-04,"Paint interior trim ~100–200 linear feet, no damage, you supply paint",250,350,300,,Within 1-2 weeks
74e31b3d3e49,Handyman,Handyman,20151,2026-03,Install 2 ceiling fans (standard residential) | 2 fans instal and 1 bed ashamed.,220,520,370,,Within 1-2 weeks
6a964aeb7a92,Remodeling,Remodeling,70819,2026-04,Install homeowner-supplied 4–6 ft kitchen base cabinets,600,1400,1000,,As soon as possible
98a561c5cb2f,General Contractor,General Contractor,28804,2026-03,Install 10×16 porch roof; plant 2–4 trees; install one no-parking sign | That’s it for now,4800,8600,6700,,As soon as possible
feff45bb830a,Handyman,Handyman,53222,2026-04,"Single-motor electric recliner diagnosis and repair | Electric Reclinervquite working, it has power",220,460,340,,As soon as possible
2092dd52f8c2,General Contractor,General Contractor,77642,2026-04,"Demolish and haul away 8x12 ft mixed-material patio cover, leave concrete | I need a patio cover tore down and hauled away",750,1200,975,,As soon as possible
55215bd746ce,Handyman,Door repair / installation,29572,2026-04,Reverse solid-core interior door swing using existing hardware,140,280,210,,Within 1-2 weeks
20ffe9ac9284,Moving,Junk Removal,30301,2026-03,"Full garage cleanout, estimated 2 truckloads",389.66,779.31,584.49,638.88,Flexible
2869acd96e48,Handyman,General repairs,78212,2026-03,"Cosmetic exterior wall surface repair | I NEED A EXTERIOR WALL RE;PAIRED BELOW A WINDOW WERE THE SIDING SHINGLES WERE, DUE TO BEE REMOVAL IN THE WALL.",350,900,625,,I'm flexible
b71e3f939838,Handyman,Handyman,90706,2026-04,Install 3–6 ft exterior front handrail | Need an estimate for putting a handrail in the front of the house.,300,650,475,,As soon as possible
d497cd4ba803,HVAC,Heating repair,32127,2025-07,"Fix furnace ignitor, unit not starting",158.44,369.69,264.06,283.32,Within 1 month
82f1fc68c02f,Handyman,Drywall repair / patching,32324,2026-04,Patch and repaint corner or trim damage | Just someone able to do different things,180,360,270,,As soon as possible
115572dcdb05,Landscaping,Leaf cleanup / yard debris removal,32127,2025-07,"Fall leaf cleanup, 1/3 acre, bag and haul",156.77,313.55,235.16,243.43,Within 2 weeks
0f3c56b81d4a,Handyman,General repairs,12180,2026-04,Reinstall towel bar and install toilet paper holder,95,150,122.5,,As soon as possible
8141b3b75468,Roofing,Roofing,13034,2026-03,Single-story roof shingle repair (unknown quantity) | A sun roof with sky roof that needs replacing,150,450,300,,As soon as possible
36c8beae7821,Painting,Interior painting,7936,2026-03,Garage walls painting project,300,900,600,,I'm flexible
c288691bf899,Plumbing,Plumbing,60634,2026-04,Shower valve repair with homeowner-supplied cartridge/trim | I need the Moen position temp cartridge repaired or replaced,150,300,225,,As soon as possible
19febac2c341,Plumbing,Toilet repair / installation,54701,2026-04,Toilet replacement with new toilet supplied by us and flange replacement | My toilet bowl water level has been way too low for a while. And now it is leaking at the base of the toilet. I am hoping a new toilet will fix this problem,400,800,600,,Within 1-2 weeks
51910c102d52,Pest Control,Bed bugs,76051,2026-02,"Bed bug heat treatment, 2BR apartment",491.7,1180.09,835.89,720.48,Within 1 month
10e61d185ae6,Roofing,Roofing,65804,2026-03,Roof leak repair (basic patch and flashing) | I have a hole in the end of my eveethat needs to be closed,350,2200,1275,,As soon as possible
f68a3bd7f273,HVAC,AC repair,77007,2026-03,Replace capacitor and contactor on condenser,154.07,308.14,231.1,187.5,Within 2 weeks
2fd71aea1370,Flooring,Flooring,48601,2026-04,"Refinish hardwood floors, medium area (100–300 sq ft)",800,1400,1100,,Within 1 month
956b610def69,Plumbing,Faucet / fixture installation,48331,2026-03,Install handheld bidet (toilet sprayer) you supplied | To install handheld biget,100,220,160,,As soon as possible
6541e864a718,Handyman,Deck repair,19508,2026-05,Replace 25 pressure-treated deck boards (homeowner supplied) | We bhave a safety concern to make repair,650,1300,975,,Within 1-2 weeks
05a9a501204b,Moving,Junk Removal,33133,2025-08,"Full garage cleanout, estimated 2 truckloads",431.6,863.21,647.4,644.95,
5755219dc6d3,Plumbing,Faucet / fixture installation,33604,2026-04,Repair a single leaky faucet (we supply parts) | Need to fix a leaking handle bathtub faucet,120,260,190,,I'm flexible
75945fcc9600,HVAC,Seasonal tune-up / maintenance,7083,2025-07,Pre-winter furnace inspection and filter change,88.34,165.64,126.99,126.05,Flexible
24c9d2a8bda9,HVAC,Mini-split installation,75001,2025-12,Install single-zone ductless mini-split 12k BTU,1828.25,3656.5,2742.38,2651.91,Flexible
9bc1fb3a89c9,Painting,House Painter,3253,2026-03,Small half-bath ceiling scrape and repaint | Ceiling needs to be scraped and painted white,180,260,220,,Within 1-2 weeks
0892c6a7aab4,Plumbing,Faucet / fixture installation,75069,2026-04,Replace supplied showerhead on standard shower,60,120,90,,Within 1-2 weeks
33e36af0f998,Roofing,Roofing,62948,2026-04,Repair asphalt shingle outbuilding roof section and replace one deck step | Repair a small section of roof on small outside building that was damaged by squirrels and one step that need replaced going up to my deck.,400,800,600,,As soon as possible
d29c1e30fc51,Appliance Repair,Appliance Repair,75240,2025-07,"Dryer not heating, replace heating element",137.84,321.64,229.74,266.32,Within 1 month
c522f84b7306,Handyman,Handyman,37821,2026-03,Toilet and bathtub/shower backing up—likely main or branch clog,250,750,500,,As soon as possible
13b92326aee4,Painting,Interior painting,28451,2026-04,Small living room walls painting with homeowner-supplied paint,200,360,280,,Within 1-2 weeks
04040718079c,Handyman,Handyman,28173,2026-03,Replace 4–12 sq ft crawlspace plywood due to water damage,650,1200,925,,As soon as possible
d206553aab2d,Pest Control,General extermination,95380,2026-04,"Flea treatment including under-mobile-home skirting | Not sure how the flees entered. 2 house cats, never go outside have been in home for 4 months.",300,700,500,,As soon as possible
6972c9253094,Electrical,Light fixture installation,6382,2026-03,Replace one supplied light fixture on standard ceiling,90,220,155,,As soon as possible
56a51e205fee,Remodeling,Remodeling,60089,2026-04,Supply and install 13 thermofoil cabinet doors and 3 drawer fronts (standard sizes),1700,2300,2000,,I'm flexible
a879f98b2a6f,Handyman,Door repair / installation,35010,2026-04,Replace door frame and add weatherstripping (materials supplied),275,550,412.5,,I'm flexible
d44f637a2008,Plumbing,Faucet / fixture installation,11755,2026-03,Repair wall-mounted leaky faucet (you supply parts) | I need multiple small projects,180,300,240,,As soon as possible
a47e085a7d34,Electrical,Light fixture installation,48182,2026-03,Install supplied ceiling light fixture in ZIP 48182,120,220,170,,Within 1-2 weeks
cb0fa690e9ec,Moving,Residential Moving,7094,2025-06,"Studio apartment move, same building different floor",149.53,299.07,224.3,189.23,Within 1 week
d7d5738a319c,Painting,Interior painting,14215,2026-04,Painting/staining up to 50 ft of interior trim,150,250,200,,As soon as possible
b9f24b9a4aba,Painting,House Painter,91730,2026-03,Exterior painting/staining for medium house (1200–2000 ft²) | exterior of the house needs painting,2200,4200,3200,,I'm flexible
ff2ff06d882c,Exterior,Deck / fence cleaning and staining,33027,2026-04,Stain or paint up to 25 ft wood fence,150,250,200,,As soon as possible
329cc1a2b077,Painting,Interior painting,78244,2026-04,Bedroom walls painting (you supply paint),180,360,270,,As soon as possible
6a6839f92b15,Handyman,Picture / mirror hanging,18103,2026-03,"Hang 3 pictures, 1 mirror, 1 curtain rod; we supply hardware | Just need these things done",150,300,225,,As soon as possible
1f9e36b85209,Handyman,Handyman,28467,2026-03,"Assemble 1 shelf, mount 2 garage lights, mount flagpole, install 1 mat set | Garage shelf assemble, Garage light Fixture mounted outside, US Flagpole mounted, Garage Floor Mats installed.",420,650,535,225,As soon as possible
e19a9ae5dcac,Plumbing,Pipe repair / replacement,17820,2026-04,"Repair exposed broken pipe in mobile home crawlspace | Under trailer,bathroom area. Been leaking for a while according to how wet it is. Think it leak for a while then broke. Decent access.¹¹",450,1200,825,,As soon as possible
9c141384124b,Remodeling,Remodeling,38118,2026-03,"Install supplied wooden double doors, create second opening",1400,2600,2000,,As soon as possible
d97e1bd72e23,Plumbing,Faucet / fixture installation,32244,2026-04,Bathroom faucet replacement with supply in ZIP 32244,220,500,360,,As soon as possible
8ff40b10c09b,Handyman,Handyman,38128,2026-04,Repair 2–4 cracked mailbox bricks; close match acceptable | Mail box was damaged by a car that was being towed.,300,550,425,,As soon as possible
cb91409e37b7,Handyman,Handyman,92545,2026-03,Replace single-pane upstairs broken window glass | Broken window upstairs,250,450,350,,As soon as possible
33ee51f30154,Pest Control,Bed bugs,75205,2026-03,"Bed bug heat treatment, 2BR apartment",572.04,1372.89,972.47,841.24,Within 2 weeks
ee7e0264108d,Plumbing,Sump pump install / repair,60523,2026-04,Replace stuck sump pump in existing basin (you supply pump),350,700,525,,I'm flexible
1e472564c5e4,HVAC,Air Duct Cleaning,85040,2025-09,"Full duct cleaning, 8-vent single story home",228.49,456.97,342.73,304.48,Within 2 weeks
54ef78ad6595,Pest Control,Roaches,32789,2026-01,"German cockroach treatment, kitchen and baths, 2 visits",138.23,276.47,207.35,200.79,Within 1 month
fabbffd97b39,Appliance Repair,Appliance Repair,77002,2025-11,"Dryer not heating, replace heating element",128.67,300.23,214.45,161.08,Within 2 weeks
4a1694ef8899,Remodeling,Remodeling,8318,2026-03,"New interior stair railing, 6–12 ft run | Railings for landing in a bilevel home and railings to go down the steps The old ones have been removed and all new flooring has been put in",1200,2200,1700,,As soon as possible
c2c2dc174fa9,Handyman,Furniture Assembly,77657,2026-04,"Prepare two nightstands to accept supplied metal legs | I have two nightstands that are solid wood and around the bottom they are also solid wood, but that could easily come off and a little bit of reinforcement on the bottom interior, and I could attach metal legs to raise the stand up off the ground.. I may also want to have the current wooden handles removed and it might take filling the holes and sanding to put on new handles",120,220,170,,I'm flexible
bd26cc4a8eba,Flooring,Flooring,28150,2026-04,Replace 1–3 solid hardwood planks | Need to fix hoe in my hardwood floor in living room. Also need hardwood floor in hallway. Thank you.,200,450,325,,I'm flexible
229be2d76fe8,Handyman,Tv Mounting,77020,2026-03,"Mount 32–49"" TV to drywall with studs",140,200,170,,Within 1 month
ba733a2bc3ef,Moving,Residential Moving,49128,2026-04,Move medium entertainment center to basement | No,150,300,225,200,As soon as possible
e71b48da1302,Plumbing,Plumbing,73071,2026-04,Replace washing machine outlet box (owner supplies box/parts),140,280,210,,As soon as possible
1b75973dd6d4,Flooring,Flooring,32506,2026-04,Install supplied flooring in a medium room (~200 sq ft) | I need carpet and pad installed in a single car garage made into a room. Old taken up and disposed of. Room cleared. Just need installed.,800,1600,1200,,I'm flexible
5a39335b3529,Handyman,Handyman,34711,2026-04,"Replace 3 standard fiberglass pool screen panels, frames good | The material is reaped",240,360,300,,As soon as possible
724e948bcf4a,HVAC,Mini-split installation,76010,2025-06,Install single-zone ductless mini-split 12k BTU,1927.67,3855.35,2891.51,3363.33,Within 1 week
0b0829e2c111,Handyman,Door repair / installation,60803,2026-03,Install new exterior door frame and hang door | My door are sliding doors old frames needs to be winterize to keep the cold out And to stall two storm doors. Consider.,800,1800,1300,,Within 1-2 weeks
e4f30145497a,HVAC,AC repair,33141,2026-04,Install one window A/C unit (replace existing) | Changing out window a/c units,80,180,130,,Within 1-2 weeks
4d389b03716a,Moving,Residential Moving,33101,2026-03,Move large safe from garage to 2nd floor,176.84,442.09,309.46,330.6,Flexible
0c613aee356d,Plumbing,Pipe repair / replacement,45242,2026-04,Replace kitchen sink supply line,140,280,210,,As soon as possible
55f96e4d0df9,Handyman,Door repair / installation,10604,2026-03,Hang existing standard interior door with supplied hardware | Don't respond to this,120,180,150,,I'm flexible
d755e6215485,Plumbing,Plumbing,78728,2026-04,Apartment washer hookup and setup | In box just neeto be connected,120,200,160,,As soon as possible
f309ff5ddc25,Handyman,Handyman,25304,2026-03,Diagnose no-power at one location and repair/replace basic parts | Power not working for an outlet,150,450,300,,As soon as possible
b070b87f821f,Cleaning,"Soft washing (siding, roofs, stucco)",60610,2025-11,"Soft wash roof and gutters, single story",266.56,533.13,399.85,348.53,Flexible
5c5388933de2,Electrical,Electrician,36201,2026-03,Connect 100A prewired shed to main panel,600,3200,1900,,Within 1-2 weeks
62d736746f20,Pest Control,Rodents (mice / rats),85028,2025-06,"Mouse exclusion and trapping, seal garage entry points",185.14,370.29,277.72,242.16,
6d193b90ef6c,Plumbing,Faucet / fixture installation,32808,2026-04,Replace broken kitchen faucet handle (we supply parts),150,300,225,,Within 1-2 weeks
6a618f6b82f9,Handyman,Handyman,89143,2026-04,Remove two marble tops and clean framed wood underneath,500,1200,850,,Within 1 month
7aff63ddb403,Pest Control,Wasps / hornets / bees,33160,2025-11,"Remove wasp nest under eave, 2nd story",104.04,260.11,182.08,171.07,Within 1 week
40178c2ab799,Handyman,Furniture Assembly,66104,2026-03,Assemble one kitchen island | I have a kitchen isle that need to be assembled it is a country cottage cart,150,350,250,,I'm flexible
90c246a812e6,Handyman,Door repair / installation,33901,2026-04,Carve hinge mortises for two interior doors | I'm replacing two doors in my apartment. I already have the doors I just need the notches carved out for the hinges to fit properly.,80,140,110,,As soon as possible
df7fecd585f7,Handyman,Tv Mounting,76367,2026-04,"Mount 66""–75"" TV with supplied mount and materials | Not sure what the material of the wall is made out of but that should be the only obstacle",220,500,360,,As soon as possible
757a956a85fe,Handyman,Door repair / installation,77568,2026-03,Replace full side(s) of wood storm door frame | Repair storm door cdframe,900,1800,1350,,I'm flexible
03f654824d01,Handyman,Handyman,39772,2026-03,Refrigerator won't start diagnostic and repair | Want come on,120,650,385,,As soon as possible
43662a57a9cd,Electrical,Electrician,45140,2026-04,Diagnose wired Nest doorbell and install supplied security camera | My installed wired Nest camera stopped working. Want to install security camera. Want someone with Nest experience.,150,300,225,,Within 1-2 weeks
3cd1fcdea81a,Handyman,Door repair / installation,44137,2026-05,Hang one standard interior prehung door supplied by homeowner | I have 2 interior doors for my bathroom to be installed asap,120,180,150,,As soon as possible
2f6a1b6f560a,Plumbing,Plumbing,70601,2026-04,Connect supplied gas dryer flex line on ground floor | I need a plumber,120,220,170,,As soon as possible
f45d0df1d4e7,Handyman,Door repair / installation,85635,2026-03,Hang one standard prehung interior door with supplied door,260,520,390,,As soon as possible
423e03289170,Landscaping,Garden bed design / planting,75409,2026-03,Remove grass and prep 50–100 sq ft flower bed (materials supplied) | Making a new flower bed,120,240,180,,As soon as possible
1f76ff378fde,Handyman,Handyman,48183,2026-03,Repair 3–5 metal siding panels on garage rear | Siding tore off during wind storm,600,1200,900,,Within 1-2 weeks
9a0d7cc9fe9c,Cleaning,"Pressure washing (driveways, sidewalks, patios)",28269,2026-04,Small townhouse backyard: weed removal and pressure-wash patio | 1. Pull up weeds near patio 3. Spray wash patio 4. Mow grass and pull up weeds,150,250,200,,As soon as possible
240e1a3ff9a5,Handyman,Furniture Assembly,1970,2026-03,Assemble one queen+ bed frame (you supply parts),140,260,200,,As soon as possible
41ac9f4b6edb,Handyman,Handyman,23237,2026-03,Assemble a rollator walker with seat | I need a walker put together,60,120,90,,As soon as possible
5e6a68690ab4,Painting,Interior painting,33319,2026-04,Bedroom walls painting with homeowner-supplied paint,200,350,275,,As soon as possible
1fb34678cd8a,Cleaning,"Soft washing (siding, roofs, stucco)",62901,2026-04,Soft-wash algae removal on north house side (200–500 sq ft) | I've got some algae on the north side of the house that I need to have removed.,350,700,525,,Within 1-2 weeks
abe60b93d50e,Handyman,Furniture Assembly,90746,2026-03,Assemble one flat-pack TV stand/console | Minor Electrical,90,160,125,,As soon as possible
3d21fff7f9c4,Flooring,Flooring,38128,2026-03,Pull up carpet from floor (carpet removal) | I\nNeed somebody to clean my garage and paint it,150,450,300,,As soon as possible
fd11ed8d7fce,Plumbing,Faucet / fixture installation,46806,2026-03,Dripping shower valve repair/replacement,225,650,437.5,,As soon as possible
2083296bd79c,Handyman,Handyman,87120,2026-03,Replace damaged interior trim pieces (small scope),150,450,300,,As soon as possible
9b275340b1a9,Handyman,Tv Mounting,85712,2026-04,"Mount >75"" TV to drywall studs with supplied mount and materials | 85 inch Samsung",600,1200,900,,As soon as possible
f4f9243ff816,Cleaning,Deep cleaning,77002,2025-09,"Spring deep clean, 4BR/3BA, baseboards and blinds",235.93,424.68,330.31,292.9,Within 1 month
d096e644f859,Handyman,Tile repair,19711,2026-04,Install supplied tile and grout in a small bathroom (<20 sq ft) | Need to lay the Neoprene runner / Rug in small 20 Sq. Ft Bathroom. Should be glued to current flooring. V. Small job & owner has Neoprene materials.,300,600,450,,As soon as possible
9511fd971a09,Handyman,Door repair / installation,21502,2026-04,"Repair heavy pocket door off-track and not rolling (we supply parts) | The door is attached It is either stuck, as it will not stay on the track and roll smoothly, or needs adjusted, not sure",350,700,525,,As soon as possible
d846c370b515,Cleaning,Window washing (exterior),75219,2026-01,"Exterior window wash, 2-story, 20 windows",224.32,448.64,336.48,296.92,Within 1 week
6faeda436ddd,Flooring,Flooring,33009,2026-03,Replace one click-lock LVP plank in kitchen | Just need one plank that is damaged replaced. I already have the material.,75,150,112.5,,Within 1-2 weeks
7f5e1a328350,HVAC,Heating installation / replacement,85040,2026-01,Install 80k BTU gas furnace,2523.35,4542.03,3532.69,3592.16,
3e564617df5f,HVAC,Duct repair / sealing,85016,2026-03,"Seal duct leaks in attic, mastic and foil tape",224.29,560.73,392.51,378.62,Within 1 week
1a50af63137c,Moving,Residential Moving,7002,2025-06,"Local move, 2BR apartment, 15-min drive",310.61,621.21,465.91,465.92,Flexible
4df4eebdeaa8,Pest Control,Seasonal program / recurring treatment,32216,2026-03,"Annual pest prevention, quarterly visits",291.23,582.45,436.84,379.41,Flexible
fd7aacebddf7,Remodeling,Remodeling,75792,2026-05,Convert spice-rack area into small coffee bar; countertop install only | I already have previously given you all the information for my project have yet to receive any type of or bid,450,900,675,,Within 1 month
d4e5f572c02d,Painting,Interior painting,95363,2026-03,Hallway walls painting with materials supplied,200,400,300,,I'm flexible
67d4a2b9f78d,Plumbing,Toilet repair / installation,28387,2026-03,Install supplied toilet (standard installation) | Within the next 30 days,200,425,312.5,,Within 1 month
98dc0608a3ae,Electrical,Light fixture installation,46703,2026-03,Replace four closet tube fixtures with standard ceiling lights,240,680,460,,Within 1 month
86f24e0a8f11,Painting,Interior painting,30008,2026-03,"Living room walls painting, medium size (ZIP 30008)",350,550,450,,Within 1 month
d079b341029f,Handyman,Drywall repair / patching,4862,2026-04,"Patch a small drywall hole with materials supplied | Fixing cat damage. Small amount of drywall, painting touch up, sanding and repairing woodwork",150,300,225,,Within 1 month
07c903ce6338,Electrical,Ceiling fan installation,7050,2026-04,Replace supplied ceiling fan at standard ceiling height,120,220,170,,Within 1 month
b39f044e0dbc,Roofing,Roofing,75070,2025-08,"Patch flat roof leak, apply torch-down membrane",261.72,610.68,436.2,384.33,Within 1 month
8433524328f7,Remodeling,Remodeling,77619,2026-03,Cosmetic refresh of unspecified areas | Need someone to check an area on the outside of my home for insurance purposes!!!,300,2500,1400,,As soon as possible
89d6aac5e0b9,Electrical,Outlet / switch installation,44446,2026-03,Replace standard single‑pole light switch | Install light over counter top and add a switch to turn it on,75,150,112.5,,Within 1-2 weeks
350c94d619f6,Flooring,Flooring,75023,2026-03,Replace single damaged laminate plank,120,260,190,,I'm flexible
f13049b287e2,Handyman,Door repair / installation,77563,2026-04,"Install homeowner-supplied slab exterior door with pet door | We are in a brand new built home that did not come with a pet door leading to the garage. We bought a new one, we just need it installed.",375,650,512.5,,Within 1 month
24d151e660d6,Handyman,Handyman,32277,2026-03,Hang 6–10 pictures and curtain rods | One mirror over fireplace.,180,360,270,,Within 1-2 weeks
f7b6ed3dc920,Cleaning,Deep cleaning,75248,2026-01,"Post-renovation deep clean, 2BR condo",275.44,550.88,413.16,420.04,Within 2 weeks
05cdf255a7a0,Landscaping,Lawn mowing / maintenance,19720,2026-04,Mow and basic lawn care for small yard | cut backyard crass and weeds,35,65,50,,As soon as possible
aa0786629d94,Painting,Interior painting,80916,2026-05,Bedroom walls painting project,250,450,350,,As soon as possible
8c69eefde847,Plumbing,Leak repair,75149,2026-04,Repair leak at exterior main valve in private meter box,450,1200,825,,Within 1-2 weeks
ebcb8c31389b,Cleaning,"Soft washing (siding, roofs, stucco)",33180,2026-05,"Soft wash roof and gutters, single story",254.63,509.25,381.94,390.85,Within 1 month
1bfae7fe9a16,Cleaning,"Standard recurring cleaning (weekly, biweekly, monthly)",33060,2025-12,"Biweekly cleaning, 3BR/2BA, 1500 sq ft",115.24,192.07,153.66,166.28,Flexible
2b7192e1021c,Appliance Repair,Appliance Repair,75080,2026-03,"Ice maker not working, replace water inlet valve",110.8,277,193.9,150.76,Within 1 month
6995cc07f1bb,Plumbing,Drain cleaning / unclogging,60440,2026-04,"Kitchen sink deep clog, only sink affected",180,360,270,,As soon as possible
3c3702aa2639,Roofing,Roofing,60005,2026-04,Repair woodpecker damage on second-floor soffit | One hole 2 inches in diameter affecting 2 cedar boards,350,750,550,,As soon as possible
6786bcc91b97,Handyman,Window repair,91765,2026-03,Replace single window with supplied new unit and installation | Windows,450,1200,825,,As soon as possible
4aa3cdf14c97,HVAC,Heating installation / replacement,75150,2026-02,Install 80k BTU gas furnace,2348.83,4227.9,3288.36,3418.91,
6ac26f2592b5,Cleaning,"Soft washing (siding, roofs, stucco)",28546,2026-03,Pressure wash single-story house and short single-car driveway; gen and mower service; storm debris cleanup | Pressure washing and generator and lawnmower maintenance and clean up storm debris,700,1200,950,,As soon as possible
c71660b15c2f,HVAC,Seasonal tune-up / maintenance,33434,2026-03,Pre-winter furnace inspection and filter change,75.17,140.94,108.06,99.22,Flexible
a597ab82b14c,Plumbing,Plumbing,2124,2026-03,Re-grout tile and install homeowner-supplied vanity | No,600,1200,900,,Within 1-2 weeks
f463fefdbeab,Electrical,Electrician,3051,2026-03,Diagnose and repair intermittent living room/bedroom outlet,120,300,210,,Within 1-2 weeks
df4e0207f66e,Handyman,Handyman,27542,2026-03,"Install one supplied prehung exterior door | Double Front door, inswing. 60 in. X 80 in rough opening exist. The door is on the front of a workshop..... No interior Trim (Moulding) is needed. Door is on site. A Sample of the building with the door installed, is attached. No Rush to get the door installed.... flexable. email... William>",350,650,500,,I'm flexible
06ff66cfcfb7,Moving,Packing and Unpacking Services,75205,2025-06,Pack kitchen and living room for 3BR move,208.8,417.6,313.2,357.28,
7df0c14cb0d4,Landscaping,Garden bed design / planting,30087,2026-03,Clean out 10–30 sq ft bed; plant mixed annuals and perennials | Ì need my flower bed clean out and plant some flowers.,220,360,290,,Within 1-2 weeks
cab6ba48ec35,Handyman,Door repair / installation,11561,2026-04,"Replace left jamb on garage-to-yard door, unpainted jamb | The left door jamb is water damaged and needs to be replaced. The header and right door jamb are fine.",300,700,500,,As soon as possible
b49fbad5b092,Flooring,Flooring,76131,2026-04,"Install supplied vinyl plank flooring, 500–800 sq ft with full removal | There is carpet in the room and we need to install new tile",1800,3600,2700,,As soon as possible
1503dad2817e,Handyman,Furniture Assembly,76354,2026-03,Assembly of 3–5 furniture pieces | We need some one to put together and take the old one out to the end of yard.we both are disabled.,150,420,285,,Within 1-2 weeks
31cff3b077a6,Painting,Interior painting,21207,2026-04,Paint or stain one interior door | I need to have my back door painted and I need my kitchen window fixed.,80,120,100,,Within 1-2 weeks
9ba1e2e9258f,Exterior,Deck / fence cleaning and staining,6770,2026-04,Staining/painting medium deck (200–400 sq ft) | Sand and stain deck. Might need minor repair on one of the post stabilizer,350,750,550,,As soon as possible
c53a4020a320,Handyman,Handyman,32832,2026-04,"Replace rotted cabinet bottoms, wood panels and <10 ft baseboard | I also have engineering wood floor repair that's needed.",450,900,675,,As soon as possible
e0606ae4e69c,Appliance Repair,Appliance Repair,10703,2026-04,Defrost system repair — frost behind freezer panel | My freezer fan. on my LG fridge is not working,220,520,370,,As soon as possible
6f744a3f8ec0,General Contractor,General Contractor,37207,2026-05,Install 10x14 shed on concrete piers; homeowner supplies materials | I need a 10 X 14 shed foundation,1200,2000,1600,,Within 1-2 weeks
ca60f87ce4bb,Painting,Interior painting,72401,2026-04,Hang supplied wallpaper in bathroom | I need wallpaper hung in my bathroom,200,600,400,,Within 1 month
bedc725da6f5,Handyman,Caulking / grouting,27262,2026-04,Caulking under 10 ft of beadboard seams | Carpentry= rehanging upper kitchen cabinet doors,60,120,90,,Within 1-2 weeks
186ae1f984bd,Electrical,Thermostat install,63385,2026-04,Install and wire homeowner-supplied thermostat | I need to connect my thermostat with my HVAC,120,220,170,,As soon as possible
efad9024b127,Pest Control,Roaches,7024,2025-10,"German cockroach treatment, kitchen and baths, 2 visits",154.77,309.53,232.15,265.27,Within 1 week
202f269c110d,Painting,Interior painting,30134,2026-04,Paint or stain trim in 2–3 rooms (you supply materials) | I need a TV hung trim around the edges a island in the kitchen to be mounted that’s it,220,520,370,,Within 1-2 weeks
277879fdcbcd,Handyman,Handyman,70086,2026-03,Plywood subfloor installed over existing flooring | Big house,300,1400,850,,Within 1-2 weeks
2d22af13960a,Landscaping,Sod installation,33434,2025-08,Install 1000 sq ft bermuda sod in backyard,492.28,1181.47,836.88,956,Within 1 month
2113d0c414c3,Roofing,Roofing,30536,2026-03,Replace or reseal seals around two roof vents with contractor guidance | There was a wood burning stove inside which is now gone but the stove pipe leaks when it rains. The other is where the stove vent exits the roof.,220,480,350,,Within 1-2 weeks
02a269a5a89b,Appliance Repair,Appliance Repair,75070,2026-03,"Ice maker not working, replace water inlet valve",110.78,276.95,193.87,156.96,Within 1 week
dca7ee6e1350,Plumbing,Plumbing,49079,2026-03,Crawlspace plumbing inspection with small repairs | Need piping inspected to find out why the new piping keeps popping off.,300,650,475,,As soon as possible
30185966d0c2,Plumbing,Plumbing,30817,2026-03,"Inspection plus repair quote for floor-area plumbing issues | Plumbing, Floor",300,1200,750,,Within 1 month
feca23e341ec,Cleaning,Window washing (exterior),7070,2025-06,"Exterior window wash, 2-story, 20 windows",207.9,415.81,311.86,344.24,Within 1 week
ad35e7efe14a,Landscaping,Leaf cleanup / yard debris removal,13078,2026-03,Break down 10–25 boxes and haul to recycling center from driveway | Many many boxes in garage need to be broke down and hauled away.,95,140,117.5,,As soon as possible
a2f4daa4e96b,Handyman,Deck repair,1778,2026-04,Replace 2–5 pressure-treated deck boards (boards only),600,1200,900,,Within 1 month
2887c54571d7,Plumbing,Plumbing,78413,2026-03,Unclog toilet; diagnose dishwasher; repair drain leak and drywall patch | I need someone to unclog the toilet . Check my dishwasher stopped working controls blink . Might be loose wires and fix some dry wall spots kitchen pipe is leaking as well,420,720,570,,As soon as possible
57945cc3fe4c,Handyman,Shelving / closet organizers,32168,2026-03,Built-in cabinet shelving installation,800,3500,2150,,As soon as possible
7b3b4e5fed79,Handyman,Handyman,89032,2026-03,Other small repair (unspecified),75,400,237.5,,I'm flexible
a7388b612c71,Cleaning,Deep cleaning,76051,2025-08,"Post-renovation deep clean, 2BR condo",219.34,438.68,329.01,272.57,
79a90d80a490,Cleaning,"Standard recurring cleaning (weekly, biweekly, monthly)",28412,2026-03,Biweekly standard residential cleaning (ZIP 28412) | 2 bed rm bath 1/2 floors dusting,90,180,135,,As soon as possible
c3163b2412df,Pest Control,Wasps / hornets / bees,30306,2025-06,"Remove wasp nest under eave, 2nd story",104.65,261.62,183.13,197.11,Within 2 weeks
f60dfcd2ab5b,Flooring,Flooring,31082,2026-03,Engineered hardwood install in one small room,700,1400,1050,,As soon as possible
23233b443043,Roofing,Roofing,32712,2025-11,"Repair 3 missing shingles, reseal vent flashing",142.43,332.33,237.38,248.22,Within 2 weeks
ec7dbd462739,Landscaping,Leaf cleanup / yard debris removal,32819,2025-09,"Fall leaf cleanup, 1/3 acre, bag and haul",128.54,257.09,192.81,210.95,Within 1 week
6dadffb2c738,Electrical,Outlet / switch installation,13760,2026-04,Replace a standard electrical outlet (you supply outlet) | I have some closets doors and one shed doors to be fixed.,60,140,100,,As soon as possible
9302d7bf731a,Cleaning,Window washing (exterior),32578,2025-07,"Exterior window wash, 2-story, 20 windows",212.74,425.49,319.12,313.11,
2f216e1c81eb,Handyman,Door repair / installation,21237,2026-03,Door hinge adjustment (you will supply parts) | I need to remove existing doors abd replace them. Three doors in total to be replaced,45,90,67.5,,As soon as possible
23ff4e4a5fd5,Moving,Junk Removal,75201,2025-12,"Full garage cleanout, estimated 2 truckloads",393.37,786.74,590.06,641.46,
05d6627dfb3d,Electrical,Ceiling fan installation,78663,2026-04,"Install supplied ceiling fan, assemble two dog beds, change bulbs | Minor putting together cheap things I got from temu. Put up ceiling fan 10.00 from temu things like that. Changing kitchen light bulbs small things. All my stuff is very cheap from temu so I WON'T PAY MORE THAN what it cost.",90,150,120,,As soon as possible
860930f33063,Electrical,Electrician,32304,2026-04,Replace/repair breaker supplying stove including parts and labor | The breaker box fuse Stove & hot water heater /electric,200,650,425,,Within 1-2 weeks
d3bc7beb9545,Roofing,Roofing,20618,2026-04,Replace 6–8 vinyl carport overhead panels | Carport overhead panels replaced.,900,1600,1250,,Within 1-2 weeks
97c9a732f11a,Appliance Repair,Appliance Repair,10001,2026-04,Diagnose washing machine not draining,110.39,229.97,170.18,153.92,Within 1 month
327ae4d79f59,Plumbing,Faucet / fixture installation,80205,2026-04,"Replace two standard single-handle faucets | Just need to replace with newer models. I have a old Victorian house and would like to update the faucets replace them then after that, the toilet needs the inners replaced and tightened up at the base.",300,500,400,,I'm flexible
dfccb4e91049,Cleaning,"Standard recurring cleaning (weekly, biweekly, monthly)",33434,2026-01,"Biweekly cleaning, 3BR/2BA, 1500 sq ft",133.89,223.15,178.52,168.53,Within 2 weeks
5b2e9cafaa50,Handyman,Furniture Assembly,89108,2026-03,"Assembly of 3–5 household furniture items, no wall anchoring | I am not able to assemble Clothing rack. Due to in",180,300,240,,Within 1 month
fb1263670c1d,Electrical,Electrician,92211,2026-05,Repair 2–3 outdoor electrical issues (parts and labor included) | electric outside new fixtures inside,350,900,625,,As soon as possible
14384689e9aa,HVAC,Heating installation / replacement,33027,2026-01,Install 80k BTU gas furnace,2332.98,4199.37,3266.18,3525.3,Within 1 month
23293a9a3a7c,Handyman,Handyman,46122,2026-03,Diagnostic and troubleshooting of PC no-signal to monitor | My desktop not working Monitor is not seeing the CPU,65,160,112.5,100,As soon as possible
88d1b3a43543,Pest Control,Bed bugs,33324,2026-01,"Bed bug heat treatment, 2BR apartment",508.28,1219.86,864.07,746.27,Within 1 week
c0d785093a27,Flooring,Flooring,70767,2026-04,Repair 4–6 soft spots under hardwood/engineered flooring,650,1400,1025,,As soon as possible
3b65412af818,Plumbing,Plumbing,46176,2026-03,Uninstall and reinstall undermount granite sink | I need my undermount kitchen sink uninstalled for my granite because on the side it's coming loose and it's falling down a little bit so it needs to be uninstalled and reinstalled to the granite and you'll need adhesive that would attach to the granite that attached to the stainless steel and I need it done as soon as possible and I prefer a free estimate,250,600,425,,As soon as possible
e83faad6630f,Landscaping,Leaf cleanup / yard debris removal,22401,2026-05,"Remove weeds, thorny brush, tiny trees front and one side | Cleaned up area will need mulching.",350,650,500,,Within 1-2 weeks
993bd943d316,Handyman,Handyman,32340,2026-03,"Hang bifold doors, install mini blind, mount bathroom tissue holder",180,420,300,,As soon as possible
2b8cee8a6071,Handyman,Furniture Assembly,18360,2026-04,"Assemble one large furniture item, ground-floor easy access | Tall corner bar cabinet",120,180,150,,As soon as possible
f3b8f36ceb1a,Handyman,Door repair / installation,15208,2026-04,Inspect and repair front door strike and repair jamb with supplied parts,220,650,435,,As soon as possible
1415989a4bec,Landscaping,Leaf cleanup / yard debris removal,75230,2026-05,"Fall leaf cleanup, 1/3 acre, bag and haul",150.8,301.6,226.2,245.25,
73690a453acb,Handyman,Picture / mirror hanging,29582,2026-03,Hang 6-foot porch/sofa swing on patio | It came with hardware for swing but not for ceiling,200,650,425,,I'm flexible
0e07a8220f5c,Cleaning,Deep cleaning,33629,2025-08,"Deep clean 3BR/2BA, 1800 sq ft, appliances included",184.86,369.73,277.3,271.54,Within 1 month
49f0d18147fe,Flooring,Flooring,501,2026-04,Mosaic ceramic tile installation for one small room,1000,2000,1500,,I'm flexible
ce8e47d6923e,Handyman,Door repair / installation,75501,2026-03,Repair broken door jamb and trim | We also have a 2nd storm door and brick molding and trim that needs replaced.,180,540,360,,Within 1-2 weeks
e8ff748e5a93,Plumbing,Toilet repair / installation,26452,2026-03,Toilet running repair (standard toilet) | I need a valve put on commode and the flushing parts replaced,120,300,210,,Within 1-2 weeks
f1f4b0e94999,Handyman,Handyman,33566,2026-03,"Install two grab bars: tiled shower and drywall beside toilet | My husband has brain cancer, sir, and he needs something to hold on him in the shower and to get off the toilet. I really need it put in soon. He’s getting worse.",140,240,190,,As soon as possible
13b7994fae93,Handyman,Handyman,6451,2026-04,Stabilize one wall-mounted bathroom shelf on drywall | Plumber had to make hole in the wall to get at problem wood that held up second shelf was removed need to stabilize one shelf,120,240,180,,Within 1-2 weeks
bcbfc6e16423,Landscaping,Leaf cleanup / yard debris removal,31302,2026-04,Full yard clean-up on a small residential lot | I was in a wreck Monday and I can't do it,300,450,375,,As soon as possible
14a7c340ed1f,Roofing,Roofing,45750,2026-04,Partial ridge cap replacement and seal exposed nails (4–8 ft),450,650,550,,As soon as possible
3c2a03e5d72d,Landscaping,Tree trimming / removal,76063,2026-03,"Remove dead 40-ft pine, stump grind, haul",787.9,1772.78,1280.34,1054.25,Within 2 weeks
f14c5bb83d35,Painting,Interior painting,6443,2026-04,"Paint three standard rooms' walls with paint and primer supplied | Walls, trim, closet doors, rooms small, but one is large with cathedral ceilings",900,1600,1250,,Within 1 month
e998d857e563,HVAC,Duct repair / sealing,87110,2026-04,Reattach one ceiling air vent cover (you supply cover),75,120,97.5,,As soon as possible
fa4adbac2f1b,HVAC,Mini-split installation,77024,2025-09,Install single-zone ductless mini-split 12k BTU,1772.6,3545.21,2658.9,2414.9,Within 1 week
f79fdc6a6127,HVAC,AC repair,33027,2025-06,"Fix frozen evaporator coil, check airflow and filter",125.4,292.59,209,207.99,Within 2 weeks
85f54c36cf25,Moving,Residential Moving,77027,2025-09,"Load and unload 16-ft rental truck, local",233.52,467.05,350.29,371.99,
58f93c9b846d,Handyman,Handyman,17032,2026-04,Hang two patio blinds (ready-to-install) | Install wood across top then blinds screw into wood. Already have wood and blinds,90,180,135,,As soon as possible
c96094ff9f6c,General Contractor,General Contractor,2649,2026-04,Repair/underpin brick steps and supply+install railing | I need somebody to work on my brick steps. They need new foundation or some in between them and also I need a railing.,1500,4200,2850,,As soon as possible
0029f4801cc2,Plumbing,Garbage disposal install / repair,48237,2026-04,Replace garbage disposal (homeowner supplies unit),150,300,225,,As soon as possible
b0644ea72871,Roofing,Gutter cleaning,34731,2026-03,Paint five exterior gutters | Install vinyl windows,200,520,360,,As soon as possible
1390be8dcd7a,Handyman,Drywall repair / patching,21217,2026-04,"Install one 4x8 ceiling drywall sheet, tape, mud, sand",200,450,325,,As soon as possible
51984e3434d2,Moving,Junk Removal,32812,2026-05,Removal and disposal of ~40 canned goods (you supply bags/boxes) | Remove old canned goods and few other expired items,60,100,80,,As soon as possible
9d9c69944190,Handyman,Door repair / installation,95648,2026-04,Replace rollers and adjust bottom of patio sliding door | Door is hard to open and close,160,320,240,,I'm flexible
2a3f526984bd,Exterior,Deck / fence cleaning and staining,68022,2026-04,Staining or painting 1–3 deck stairs | Address is 3802 N. 207th St. Elkhorn Ne. 68022,150,250,200,,As soon as possible
a8e0c3c8e84f,Handyman,Handyman,47905,2026-03,Install supplied prehung exterior door,275,650,462.5,,I'm flexible
c375aa63eff9,HVAC,Seasonal tune-up / maintenance,85032,2026-01,"Annual AC tune-up, inspect coils and refrigerant",71.82,134.66,103.24,105.98,Flexible
ea6e74b671e3,Electrical,Outlet / switch installation,61101,2026-03,Re-ground 3-prong receptacle on interior living/bedroom wall | Need living room and kitchen painted,150,350,250,,Within 1 month
65439b2347e3,Painting,House Painter,60411,2026-05,Exterior railing (~6–12 ft) and door painting/staining | Need spokes railing strip and paint plus two side doors,220,420,320,,Within 1-2 weeks
1936a8ab8211,Landscaping,Lawn mowing / maintenance,32207,2026-02,"Weekly mow and edge, 1/4 acre front and back",42.95,85.9,64.43,60.74,Within 1 week
3176eb05f92b,Plumbing,Faucet / fixture installation,60543,2026-04,Repair or replace an outdoor faucet (hose bib),100,250,175,,As soon as possible
750feb5dd619,Handyman,Handyman,15084,2026-03,Scrape and repaint porch plus reattach 5–6 shutters | Porch scraped and painted,950,2000,1475,,As soon as possible
d6cc41651e14,Handyman,Door repair / installation,33578,2026-04,Repair/paint or stain bottoms of 2 doors | Touch up cordaroun,150,300,225,,Within 1-2 weeks
b1c3b0c97561,Moving,Packing and Unpacking Services,32216,2025-07,Pack kitchen and living room for 3BR move,212.1,424.2,318.15,351.27,Within 1 month
a338b57f6fb2,Pest Control,Termites,33324,2025-11,"Termite inspection and spot treatment, crawlspace",215.03,537.57,376.3,360.69,Within 2 weeks
f346692204a7,Handyman,Tv Mounting,22432,2026-03,"Mount 50–65"" TV on interior wall | Remove old and install new",180,350,265,,As soon as possible
e25f201f9014,Handyman,Handyman,26330,2026-03,Repair small supply line leak and drywall patch | Small leak behind hot water tank in double wide.,250,500,375,,As soon as possible
8befd0ec2fd2,Pest Control,Termites,7006,2025-10,"Full perimeter liquid termite treatment, 1800 sq ft slab",869.27,1629.87,1249.57,1044.94,Flexible
1a5845aa07ab,Cleaning,Deep cleaning,60516,2026-03,"Clean medium crystal chandelier (20–36"" diameter) | The chandelier has about 6 rows of crystals. There are 2 to 3 crystals on each hook. There are about 30 to 50 hooks per row.",150,300,225,,I'm flexible
ba486058e227,Handyman,Tv Mounting,77459,2026-03,Mount 2 TVs and assorted household maintenance | Mounting TVS HIGH CEILING BULB CHANGES INSULATING DOOR HANGING CURTAIN RODS MISC. repairs Cabinet Facings…,650,1400,1025,,Within 1-2 weeks
2fdf08aa4466,Handyman,Tv Mounting,33607,2026-04,"Mount 50–69"" TV on drywall; remove and replace shelving (we supply items) | Tv mount dry wall and shelving removed and replaced",400,900,650,,Within 1-2 weeks
1a4dcfaf42d5,General Contractor,General Contractor,36345,2026-03,Level double-wide mobile home using jacks and block piers | level mobile home,900,2000,1450,,Within 1-2 weeks
1d559eb6a0ac,Plumbing,Plumbing,21128,2026-04,"Repair supplied-parts showerhead, handle, and leaking toilet | Shower head leaks even when handle is closed. Handle feels it is free. Toilet keeps running after flushing and might need part repair or replacement inside.",180,420,300,,I'm flexible
8b87536f8a2b,Painting,House Painter,47273,2026-03,Paint 6 vinyl exterior shutters (you supply paint) | Not sure what type of sprayer I need so if you could help on that I would appreciate it,140,260,200,,As soon as possible
987e246b9830,Moving,Packing and Unpacking Services,33180,2025-07,Pack kitchen and living room for 3BR move,202.52,405.05,303.79,329.79,Within 2 weeks
1fe9d12c50bc,Plumbing,Plumbing,28501,2026-03,"Repair running/flush toilet; HVAC system inspection; paint foundation area | Quiet a few things, I talk toilet, put up and check HVAC, paint foundation",300,950,625,,I'm flexible
937554b0f5ce,Handyman,Handyman,36109,2026-03,Hang supplied storm door at entry,120,300,210,,As soon as possible
b6ba901368ea,Pest Control,Seasonal program / recurring treatment,75034,2025-10,"Annual pest prevention, quarterly visits",282.2,564.39,423.29,386.84,Within 1 week
c4bff5752195,Pest Control,Termites,32258,2026-04,"Termite inspection and spot treatment, crawlspace",206.42,516.06,361.24,312.58,Within 1 week
da0844658335,Handyman,Drywall repair / patching,32750,2026-04,"Replace 3x4 ceiling drywall, tape, mud, knockdown ure, paint supplied | install drywall, tape, mud, apply knock down ure then paint bedroom ceiling.",220,420,320,,I'm flexible
4d4c1c36c59d,Handyman,Handyman,32136,2026-04,Cabinet hinge/door adjustment plus small drywall patch | Had a Wonder lake in the ceiling in the garage the plumbing has been repaired but need the drywall also cabinets drawers and doors need to be readjusted,120,300,210,,As soon as possible
6c600dbc187c,Painting,House Painter,30062,2026-04,Schedule for two-story siding touch-up inspection,600,1200,900,,Within 1-2 weeks
34e3f0694a87,Flooring,Flooring,34691,2026-04,Install laminate flooring in one small room (planks supplied) | 300 ft.² screen area to install laminate,350,700,525,,As soon as possible
1cdfeccf1383,Plumbing,Water heater installation / replacement,47529,2026-04,Replace 40–50 gal electric water heater,900,1800,1350,,Within 1-2 weeks
037cce21f9d4,Handyman,Furniture Assembly,64109,2026-03,"Assemble 3–5 flat-pack furniture items | 2 wire clothes racks, 2 bedroom end tables, 1 living room accent table ( I leave type style)",180,420,300,,As soon as possible
e014c6a22e68,Cleaning,"Soft washing (siding, roofs, stucco)",33411,2026-02,"Soft wash roof and gutters, single story",285.6,571.2,428.4,352.38,Flexible
b1247fd1e7e6,Handyman,Handyman,75792,2026-04,"Finish recessed niche into coffee/toaster bar with trim and paint | Should be very simple and straightforward. It’s like taking the front off of a box and finishing the inside of the box, sides and bottom or walls and countertop trimming it appropriately. Babe prefinished kitchen countertop either Wood or a piece of granite etc that would match the other granite or go with it. on the outside, it has finished walls like the other walls in my house on the inside. It just has rough wood, but it does have a top bottom and sides.",400,900,650,,Within 1 month
b006237ff33d,Handyman,Handyman,21225,2026-04,Replace supplied fabric on retractable awning | No,250,600,425,,As soon as possible
07ec44475bdb,Moving,Residential Moving,33629,2025-12,"Local move, 3BR house, 30-min drive, garage",445.32,1068.78,757.05,581.03,Within 1 month
72dd9aefdf25,Cleaning,Carpet cleaning,76051,2025-12,Steam clean carpet in 3 bedrooms and hallway,143.56,287.13,215.34,232.06,Flexible
5dcfb72dacd7,Handyman,Handyman,33573,2026-03,Minor residential electrical work (general) | Socket changed Ceiling fan installed,120,350,235,,I'm flexible
a1913ec75b7a,Electrical,Outlet / switch installation,33916,2026-03,Replace 3 exterior weatherproof outlet covers,75,180,127.5,,Within 1 month
5e369968aaca,Landscaping,Leaf cleanup / yard debris removal,85008,2025-10,"Fall leaf cleanup, 1/3 acre, bag and haul",137.13,274.26,205.69,217.54,
a9723eadde9c,Pest Control,General extermination,30301,2026-04,"Quarterly pest treatment, 3BR house, interior and perimeter",82.87,155.38,119.12,132.31,Flexible
0d88d252ac07,Appliance Repair,Appliance Repair,33139,2026-01,Diagnose washing machine not draining,135.17,281.6,208.38,219.49,Within 1 week
232e4680e1c1,Handyman,Door repair / installation,77713,2026-03,Install customer‑supplied interior door,140,300,220,,As soon as possible
7099deb610d2,Appliance Repair,Appliance Repair,33324,2026-01,"Install over-the-range microwave, vent existing",151.07,302.15,226.61,202.47,Within 1 week
b0b7697f8b78,Handyman,Handyman,30016,2026-03,Small drywall patch repair | Small drywall repair on bathroom wall,120,350,235,250,Within 1-2 weeks
45d8f97a9507,Landscaping,Lawn mowing / maintenance,7030,2025-08,"Weekly mow and edge, 1/4 acre front and back",42.84,85.68,64.26,65.13,Flexible
cf115dcd0d1b,Handyman,Door repair / installation,30135,2026-05,Install exterior security door (we supply materials) | Will like to install my screen door and hang blinds on the doors.,850,1700,1275,,As soon as possible
270651be075a,Handyman,Handyman,48229,2026-05,Repair 3–5 vinyl fence panels and several pavers,850,1600,1225,,As soon as possible
9987c7368aa3,HVAC,Seasonal tune-up / maintenance,33160,2025-11,Pre-winter furnace inspection and filter change,83.92,157.35,120.63,99.64,Within 1 month
2063b5fdbe1a,Pest Control,Rodents (mice / rats),33418,2026-04,"Rat removal and attic cleanup, bait stations",335.24,670.48,502.86,468.18,
eb7046437af1,Handyman,Weather stripping / insulation,32174,2026-04,Repair exterior door leaks at multiple points with purchased materials | Don’t believe this is a major problem.,650,1200,925,,As soon as possible
5b659f95b9e9,Landscaping,Tree trimming / removal,33629,2026-02,Trim two 30-ft oaks overhanging roof,312.16,728.36,520.26,530.84,Within 2 weeks
4fa50ba878b3,Handyman,Door repair / installation,96007,2026-03,Supply and install an exterior prehung entry/side door | Replace back entry door on moblehome and adjust two interior doors,650,1200,925,,Within 1-2 weeks
baac73fe7ac3,Handyman,Picture / mirror hanging,78504,2026-04,"Hang 6–10 pictures (lightweight, homeowner hardware) | Pictures hanging",120,220,170,,As soon as possible
11882611a084,HVAC,Mini-split installation,77024,2025-10,Install single-zone ductless mini-split 12k BTU,2200.25,4400.49,3300.37,3524.29,Within 1 week
ac2c97f88219,Cleaning,Deep cleaning,33101,2025-07,"Post-renovation deep clean, 2BR condo",244.8,489.59,367.19,415.55,Within 1 month
4128c8de06ad,Landscaping,Hedge trimming,33445,2026-01,"Trim 60 linear ft of boxwood hedge, haul debris",118.38,246.62,182.5,196.75,Within 2 weeks
b019b5be015f,Plumbing,Faucet / fixture installation,48176,2026-03,Replace supplied water filter cartridge (quick under-sink job),40,60,50,,As soon as possible
d45b49a5c408,Flooring,Flooring,79072,2026-04,Laminate flooring install + removal/disposal for 800–1200 sq ft,3800,7200,5500,,As soon as possible
f8b2b2b9fcbf,Cleaning,Deep cleaning,77056,2025-06,"Spring deep clean, 4BR/3BA, baseboards and blinds",257.22,462.99,360.11,399.54,Within 1 month
5876cdb8b0da,Handyman,Tv Mounting,77380,2026-04,"Mount 32"" TV on drywall with swivel mount attached",90,140,115,,As soon as possible
527fda157ed0,Handyman,Handyman,28378,2026-04,Rehang and level an uneven curtain rod | Hired a handyman to put up my curtain rod for my sliding patio door. It was put up uneven never returned to fix,75,150,112.5,,As soon as possible
2c52230d64e3,Auto,Car Detailing,8302,2026-03,Full-cab truck seat cover replacement | I have the seat covers on I need help with somebody will help me put the straps on the bottom in the back,600,1500,1050,,Within 1-2 weeks
b35b29141698,Plumbing,Faucet / fixture installation,19122,2026-04,Bottom-rolling aluminum-framed shower door reinstallation | I need someone to put a shower door back on track,150,300,225,,As soon as possible
a224e1753d55,Handyman,Handyman,90247,2026-03,"Labor-only hourly rate for installations and drywall/paint | All aspects of the project have been described. The only actual rennovation is the HVAC area being turned into a storage area with shelves. All other work is installing door hardware on 2 external doors, changing hardware on 2 internal door, installing new bathroom mirror, installing 2 large towel racks and 1 hand towel rack, install 3 shelves on wall in living room, install 1 solar motion light on corner of roof area. The door for the rennovated storage area will be ordered once the floor is installed and a new height measurement can be confirmed. The door will come with all frame and trim included and in place. Due to the cost exceeding $1,000 a license and insurance will be required as outlined by the state of California. no permits will be needed.",60,95,77.5,,Within 1-2 weeks
4fcb1596c197,Roofing,Roofing,33012,2025-07,"Patch flat roof leak, apply torch-down membrane",272.83,636.61,454.72,436.64,Within 1 week
a95d67cec354,Painting,Interior painting,37086,2026-04,"Open-concept kitchen + dining walls painting | My home is fairly new with snowbound flat paint, I’m wanting to paint over with the same color just a different sheen like satin!",600,1400,1000,,Within 1-2 weeks
0bbab6f2d470,Handyman,Handyman,27607,2026-03,Replace 3–5 outdoor patio deck slats | There are probably 4-5 slats that need to be removed due to regular wear and tear in my outside patio,240,520,380,,As soon as possible
502815187fff,Appliance Repair,Appliance Repair,75050,2025-08,"Install freestanding range, connect gas line",157,313.99,235.5,247.32,
242d1f9ba9fb,Electrical,Electrician,43613,2026-03,Minor electrical repairs or small installs | Install electric plugs,100,350,225,,As soon as possible
88500e2a216a,Flooring,Flooring,21162,2026-03,Sheet vinyl hallway installation (~50 sq ft),200,450,325,,As soon as possible
7e162e2951e5,Electrical,Light fixture installation,28804,2026-04,Swap supplied small dining chandelier | It’s a simple job.,120,220,170,140,I'm flexible
ae53a424384a,Electrical,Light fixture installation,15001,2026-03,"Install supplied ceiling light fixture (standard height) | I have two fluorescent lights, one in an office and one in the garage that he replaced with incandescent fixtures",120,240,180,,I'm flexible
1a4050a4a05b,Handyman,Handyman,36330,2026-03,"Install supplied 1/2"" plywood and 1/4"" pegboard on 16×16 shop walls | I need some one to install ply wood sheets and peg board in a 16x16 shop",700,1200,950,,Within 1 month
b1e9300609f0,Handyman,Door repair / installation,63034,2026-04,Repair exterior door that sticks/uneven closing (we supply parts),120,300,210,,Within 1 month
d34ac6357fc0,Cleaning,"Pressure washing (driveways, sidewalks, patios)",77479,2026-04,"Medium patio power-wash plus mulching (150–350 sq ft) | Patio, mulching,power washing",350,650,500,,I'm flexible
c25b19d4a1f6,Landscaping,Lawn mowing / maintenance,75248,2025-06,"Weekly mow and edge, 1/4 acre front and back",45.97,91.93,68.95,60.84,
d7224115a61a,Pest Control,General extermination,75219,2025-10,"Quarterly pest treatment, 3BR house, interior and perimeter",73.56,137.92,105.74,108.75,
b918aa98486b,Handyman,Handyman,23237,2026-03,Yard leveling for under 500 sq ft | Getting a shed and need part of my yard leveled,800,1400,1100,,As soon as possible
62132bfbcd57,Appliance Repair,Appliance Repair,45840,2026-04,Repair washer not draining in basement with easy access | Does not drain water,120,300,210,,As soon as possible
1ac4298c5a82,Cleaning,"Pressure washing (driveways, sidewalks, patios)",32216,2025-11,"Pressure wash 2-story vinyl siding, 2000 sq ft",259.79,519.59,389.69,368.3,Within 1 month
198827a292ed,Electrical,Electrician,39401,2026-04,Diagnose and perform minor repairs for tripping breaker | No. Not that I know,260,520,390,,As soon as possible
3d59b38a8d1d,Handyman,Handyman,15672,2026-03,Clean 4–6 windows and doors (interior/exterior),140,320,230,,Within 1-2 weeks
97425fb92d41,Exterior,Deck / fence cleaning and staining,68022,2026-04,Stain or paint very large (>500 sq ft) deck with materials supplied,1500,3200,2350,2800,Within 1-2 weeks
d5330200931a,Handyman,Door repair / installation,10604,2026-04,Hinge adjustment/door repair (single standard interior door),75,180,127.5,,As soon as possible
b69d122c8ac3,Plumbing,Plumbing,28120,2026-03,Repair toilet tank leak (bolts) and replace garbage disposal | No,240,560,400,,Within 1-2 weeks
748ec7056089,Exterior,Deck / fence cleaning and staining,78124,2026-03,"Dig 10 holes, relocate plants, and stain 51–100 ft fence | Several holes dug, we’ll plant! We just can’t dig right now! The fence stained like I said we’ll provide everything stain brushes rags etc",350,650,500,,Within 1-2 weeks
92e939f8447b,Electrical,Outlet / switch installation,77316,2026-04,Install one standard grounded outlet (materials included) | Install outlet in ceiling for fan,160,320,240,,As soon as possible
d8e74bea7225,General Contractor,General Contractor,14537,2026-04,Repair water-damaged siding and framing on single-story shed north wall | Water damage on a north facing wall and roof over the wall. This is on a small Amish type barn. Not sure how floor is. Roof is only about 8 ft high.,800,2000,1400,,I'm flexible
9fa1548e8bc1,Handyman,Door repair / installation,30168,2026-04,Rehang interior door using homeowner-supplied hinges | One of my door hinges is loose from the frame and another hinge is loose from the door,95,160,127.5,,As soon as possible
1dea2fcc947d,Painting,House Painter,71913,2026-04,Paint two interior/exterior doors | Make a repair to the back door.,140,260,200,,Within 1-2 weeks
3d22c86ba2c9,Plumbing,Plumbing,27406,2026-04,Replace kitchen faucet; repair two shower faucet leaks; install ice maker (you supply parts),360,750,555,,As soon as possible
64aead39fc11,Handyman,General repairs,62959,2026-03,Replace 2 vinyl siding panels on house exterior | Replace 2 vinal sidings on house.,120,320,220,,As soon as possible
b3943f752703,HVAC,Duct repair / sealing,77030,2026-03,"Seal duct leaks in attic, mastic and foil tape",202.88,507.19,355.03,253.66,Flexible
6ec4fc481372,Painting,House Painter,20640,2026-04,"Paint outside trim, front door, living room, dining room (you supply paint)",350,700,525,,Within 1 month
62aff738e88d,Painting,Interior painting,33446,2026-04,Skim stucco ceiling then paint one average room,750,1500,1125,,Within 1-2 weeks
b560ed1c2603,Plumbing,Plumbing,48066,2026-04,Install refrigerator water line 10–25 ft with supply included,300,450,375,,I'm flexible
17a88e3ed88e,Roofing,Gutter cleaning,7304,2025-11,"Clean gutters and install leaf guards, single story",212.28,424.56,318.42,280.39,Within 1 month
08c5844e3093,Landscaping,Lawn mowing / maintenance,76010,2025-12,"Weekly mow and edge, 1/4 acre front and back",40.87,81.74,61.3,60.3,Within 2 weeks
bf0d3c01d1f2,Handyman,Handyman,98059,2026-03,"Small drywall patch repair | Patch ceiling after waterless tank installation, patch wall after electrical panel upgrade and patch wall outlet for tv wall mount.",120,350,235,,I'm flexible
1fcb898a0aaf,Handyman,Handyman,28504,2026-03,Install 2 supplied window ACs; move 3 exercise machines upstairs | Install 2 window a/c units. Move 3 exercise equipment up one floor.,260,760,510,,As soon as possible
d9f2386f3b18,Appliance Repair,Appliance Repair,32207,2025-10,"Dryer not heating, replace heating element",137.08,319.84,228.46,187.32,Within 2 weeks
2b910668f6f9,Handyman,Drywall repair / patching,17110,2026-03,Patch and repair small drywall hole (slightly larger than quarter),75,180,127.5,,As soon as possible
cf786a4540d3,Landscaping,Sprinkler repair,10025,2025-12,"Replace 3 broken sprinkler heads, adjust coverage",85.73,192.89,139.31,152.72,Within 2 weeks
b85be080814b,General Contractor,General Contractor,48228,2026-03,Foundation inspection with contractor recommendation | I have a 12 x 20 tent that I want to be put on top of concrete,250,600,425,,I'm flexible
3081bc7f2caf,Plumbing,Plumbing,64804,2026-04,Replace supply line to one fixture | Mouse chewed a hole in the the pipe,120,220,170,,As soon as possible
b0d2a82945cb,Handyman,General repairs,48307,2026-04,Replace rotted exterior 2x6 wood at two locations,500,1200,850,,As soon as possible
42b588efbd47,Exterior,Deck / fence cleaning and staining,60827,2026-04,Staining or painting small deck/porch under 150 sq ft,300,450,375,,Within 1-2 weeks
2d7cd510bb3e,Flooring,Flooring,19567,2026-03,"Living room paint (walls) and laminate floor installation for 150–250 sq ft | Painting walls, replace some panels",900,1500,1200,,Within 1 month
103006a34e0c,Handyman,Deck repair,43616,2026-04,Replace 3–5 rotted pressure-treated deck boards | The boards are 2x6 and there are probably 3 or 4 needing replaced of maybe 6ft long,320,560,440,,As soon as possible
c57aaae160fb,Moving,Junk Removal,10016,2026-05,"Full garage cleanout, estimated 2 truckloads",454.84,909.68,682.26,572.04,Flexible
90aa5ce118ee,Plumbing,Drain cleaning / unclogging,28467,2026-03,Clear complete clog in household washing machine drain line,450,900,675,,As soon as possible
7fb852233b4c,Cleaning,Deep cleaning,32801,2026-02,"Deep clean 3BR/2BA, 1800 sq ft, appliances included",199.84,399.69,299.76,292.84,Within 1 month
e37e06e84a43,Handyman,Drywall repair / patching,74743,2026-04,Remove and replace single small drywall wall (≤8x8 ft) with materials,300,650,475,,Within 1-2 weeks
41fd8bb687b8,Handyman,Furniture Assembly,15001,2026-04,Assemble one medium furniture item with supplied instructions and hardware | My project is a dresser that needs to be assembled.,90,140,115,,As soon as possible
3b5ec9aa4fc9,Handyman,Handyman,15210,2026-04,Install less than 10 ft of trim/molding | Need base border and window trim,120,250,185,,As soon as possible
f6cdb47f84d8,Handyman,Handyman,92530,2026-03,Unspecified minor home repair (user-selected 'Other minor item') | Washer repair,75,350,212.5,,Within 1-2 weeks
b3c5c183d11f,Painting,Interior painting,60628,2026-04,Basement finished drywall walls painting,300,700,500,,Within 1-2 weeks
6aa7c5129d0d,Appliance Repair,Appliance Repair,47906,2026-04,Stacked washer agitator bolt tightening,80,150,115,,As soon as possible
8b3a462e0f18,Roofing,Roofing,75040,2025-09,"Patch flat roof leak, apply torch-down membrane",342.66,799.54,571.1,479.75,Flexible
ab873c41518b,Electrical,Light fixture installation,48307,2026-04,Replace light bulb fixture (standard ceiling light),120,300,210,,I'm flexible
c3867352aab6,Plumbing,Plumbing,70601,2026-04,"Connect gas dryer and install supplied window AC (capped gas nearby) | Connect gas dryer, install window unit ac",200,380,290,,As soon as possible
d3a5200984de,Remodeling,Remodeling,23504,2026-03,"Install single interior sheetrock partition, 10–16 ft length | Sheet rock/drywall installation in attic A-frame.",850,1400,1125,,I'm flexible
46e3af8acbf8,Handyman,Handyman,68134,2026-03,Reinstall bathroom vent cover or repair mounting | Just put it back up,120,260,190,,As soon as possible
1211b7861092,Flooring,Flooring,33764,2026-04,Replace 2–3 damaged laminate planks | Might need to treat while floor to match stain.,180,360,270,,Within 1-2 weeks
599a18be4f4e,Plumbing,Faucet / fixture installation,48091,2026-04,Replace single bathroom sink faucet (homeowner-supplied),120,220,170,,As soon as possible
f52c1308a6e3,Painting,House Painter,94960,2026-03,Paint or stain 10–20 cabinet doors and drawers,800,1600,1200,,I'm flexible
6550bd8d08aa,Roofing,Gutter cleaning,30188,2026-04,Blow leaves off single-story roof (roof only) | Inspect around sky light,120,150,135,,As soon as possible
af1b4ceb0da8,Flooring,Flooring,36111,2026-03,"Tile flooring installation, ~100 sq ft | I need 45 square ft. Off backsplash installed on my kitchen walls. I have the subway tile and grout already. I need 8 cabinet knots put on cabinets.",900,1800,1350,,As soon as possible
aa975599fa58,Pest Control,Termites,33324,2025-07,"Termite inspection and spot treatment, crawlspace",186.02,465.06,325.54,250.81,
ade25c4b4274,Handyman,Handyman,34606,2026-03,Repair running toilet with supplied parts by us | Can't get shut off to turn off,120,220,170,,As soon as possible
644053e42eae,Plumbing,Garbage disposal install / repair,31401,2026-03,Garbage disposal jam/ clog diagnosis and repair,120,260,190,,Within 1-2 weeks
9aed388c52d8,Pest Control,Roaches,76179,2026-05,"German cockroach treatment, kitchen and baths, 2 visits",138.29,276.59,207.44,206.67,Within 1 month
0f08b944773c,Moving,Residential Moving,33434,2025-10,"Studio apartment move, same building different floor",162.82,325.64,244.23,257.2,Within 2 weeks
90bd13850c96,Appliance Repair,Appliance Repair,7108,2026-05,Fix dishwasher leaking from door seal,112.93,225.87,169.4,188.78,Within 2 weeks
5041936c9c92,HVAC,AC installation / replacement,28273,2026-03,"Install two homeowner-supplied <8,000 BTU window ACs in double-hung windows | Put in 2 window air conditioner",160,220,190,,Within 1 month
4096d7e70459,Handyman,Handyman,38128,2026-03,"Replace one 4x8 drywall wall panel | I need a estimate on a news round wall repair also, Need someone to clean my garage. Spray, paint a pressure washer.",180,420,300,,Within 1-2 weeks
454f6d6b53d3,Plumbing,Leak repair,31903,2026-03,Repair under-sink leak and reconnect fridge water line,150,300,225,,Within 1-2 weeks
0723a52960a4,Cleaning,"Soft washing (siding, roofs, stucco)",30309,2025-07,"Soft wash roof and gutters, single story",282.57,565.14,423.86,439.6,Within 1 month
f7f9097ce919,Handyman,Furniture Assembly,70403,2026-04,Assemble two large industrial steel shelving units | Industrial shelving I ordered from Walmart to be put together to use for stacking inventory in my storage room and my closets. They are very large ones and tall 72 inches tall with 5 to 6 shelves. I need someone to put them together.,140,240,190,435,As soon as possible
1f29cebdfed9,HVAC,AC installation / replacement,28273,2026-04,Install one standard window AC and one portable AC (you supply both) | Put i window air conditioner and 1 portable air conditioner,140,260,200,,Within 1 month
3091ccda927c,Moving,Residential Moving,32003,2026-05,"Local move, 2BR apartment, 15-min drive",263.42,526.83,395.12,357.27,Flexible
6536030df473,HVAC,AC repair,33139,2026-03,"Diagnose AC not cooling, recharge refrigerant",132.53,353.42,242.98,301.96,Flexible
9b0f273c9034,HVAC,AC installation / replacement,76034,2025-12,"Install 3-ton split AC, 1500 sq ft home",4000.02,6857.17,5428.6,5683.37,Within 2 weeks
971da1f0faed,Flooring,Flooring,72204,2026-03,"Whole-house vinyl plank install, 500+ sq ft, homeowner supplied materials | I have about 1080 ft.² one to three rooms and two closets. The entire floors have been removed and prepped for installation. I have all the material that is required.",4000,6500,5250,,As soon as possible
f95f7435e283,Moving,Residential Moving,7002,2025-09,"Load and unload 16-ft rental truck, local",222.81,445.62,334.22,337.64,Within 1 month
98cb1ca82c66,Handyman,Handyman,97502,2026-03,"Supply and install three grab bars on faux marble over backerboard | Need bathtub safety bars, measured, purchased, installed",325,525,425,,As soon as possible
c09cfe233ee0,Landscaping,Tree trimming / removal,75050,2026-01,"Remove dead 40-ft pine, stump grind, haul",846.56,1904.75,1375.65,1586.57,Flexible
90b0f243bfa2,Moving,Packing and Unpacking Services,33629,2026-03,Pack kitchen and living room for 3BR move,173.22,346.44,259.83,254.38,Within 1 month
8f61098bccb4,Plumbing,Faucet / fixture installation,29588,2026-04,Shower/tub faucet leak repair (you supply cartridge/trim) | Need to replace garden tub faucet.,120,250,185,,Within 1 month
819a8ef31663,Plumbing,Plumbing,7018,2026-04,"Upper-floor tub flange removal, inspection and retile (remote estimate)",600,1200,900,,As soon as possible
197eb73ac8e7,Handyman,Tv Mounting,76705,2026-04,"Mount supplied 50–65"" TV on drywall studs, visible cables",120,180,150,,As soon as possible
99c34d9d6932,Handyman,Furniture Assembly,29203,2026-03,Assemble one furniture piece at home (ZIP 29203),80,150,115,100,As soon as possible
7078c7f8564e,Handyman,Handyman,70466,2026-03,Repair broken sliding-door handle,120,300,210,,Within 1-2 weeks
c8d0b5c84029,Handyman,Window repair,75233,2026-04,Repair aluminum sliding screen door: new screen and rollers | Screen door comes off track and screen broken,180,350,265,250,As soon as possible
2ccc4a0fe0c5,Remodeling,Remodeling,93422,2026-04,Move two upper cabinets and one base; paint surrounding walls/trim | I needed cabinets moved to kitchen area and paint.,650,1500,1075,,As soon as possible
8f70420c79b4,Landscaping,Stump grinding,32127,2025-07,"Grind 2 tree stumps, 18"" and 24"" diameter",205.27,410.53,307.9,335.38,Within 1 month
13848743748e,Handyman,Tv Mounting,60506,2026-03,"Mount 66–75"" TV on drywall over studs",180,360,270,,Within 1-2 weeks
d790bdfdba38,HVAC,AC repair,76179,2026-02,"Diagnose AC not cooling, recharge refrigerant",127.66,340.43,234.05,268.65,
c2f593c98b64,Electrical,Outlet / switch installation,33534,2026-03,Install one new standard 120V outlet (materials included) | I need two gfi outlets installed in 2bathrooms and gfi 1outlet in kitchen repaired,160,480,320,,As soon as possible
2d59abad544c,Handyman,Door repair / installation,17325,2026-04,Install supplied cat door and install supplied front door handle set | Would like the work done in the next couple of weeks.,140,260,200,,Within 1-2 weeks
ec7b8098875c,General Contractor,General Contractor,75146,2026-03,Level and secure an above-ground 120–250 gal propane tank | Need my propane tank leveled,150,300,225,,I'm flexible
7843013a79f1,Roofing,Roofing,77493,2026-04,"Replace 10–20 ft fascia with pressure-treated wood, no rot | I need a wall frame to install three aluminum louvered panels.",700,950,825,,Within 1-2 weeks
207c2029b1d2,Pest Control,General extermination,75230,2025-11,"Quarterly pest treatment, 3BR house, interior and perimeter",85.34,160.01,122.67,113.5,Flexible
d4d6f524beb1,Handyman,Handyman,50312,2026-05,Spot repair of large solid hardwood tabletop with materials supplied | I need scratches and stains taken off a table top.,300,450,375,,As soon as possible
9d623bed0510,Moving,Residential Moving,33063,2025-06,Move large safe from garage to 2nd floor,190.9,477.25,334.07,280.3,Within 1 week
68738fb192e8,Appliance Repair,Appliance Repair,10010,2026-01,Diagnose washing machine not draining,108.46,225.95,167.2,171.92,Within 1 month
39228ef89064,Roofing,Roofing,48601,2026-04,"Install supplied Ondura/metal panels over 12x15 existing panels | No teardown, trim or underlining",700,1400,1050,,Within 1 month
c74c3a407f05,Landscaping,Leaf cleanup / yard debris removal,23234,2026-04,Yard waste pickup — small pickup load (1–2 yd) | Just yard material in back yard.,120,160,140,,I'm flexible
3b43a62b3767,Handyman,Handyman,5495,2026-04,Re-install 21 kitchen cabinet doors | I need someone to re-install 21 kitchen cabinet doors. Because I am changing the hinges; they don't line up in the same manner the old hinges did. This has been a challenge to me.,240,480,360,,As soon as possible
8c1f99307c14,Cleaning,"Pressure washing (driveways, sidewalks, patios)",7052,2025-08,"Pressure wash 2-story vinyl siding, 2000 sq ft",320.67,641.33,481,424.22,Flexible
7c1b5e2043fb,Handyman,Door repair / installation,75137,2026-03,Install four supplied mirror pivot closet/wardrobe doors | Remove old mirror pivot doors and hardware.,600,1400,1000,,As soon as possible
a570c881b916,Cleaning,Deep cleaning,7052,2025-07,"Deep clean 3BR/2BA, 1800 sq ft, appliances included",208.14,416.28,312.21,362.27,Within 1 week
08af8411ea26,Electrical,Electrician,18512,2026-03,Diagnose intermittent circuit (works after reset) affecting 2–4 points | One circuit is overloaded-,180,360,270,,As soon as possible
f31662b4843f,Roofing,Roofing,75974,2026-03,Multiple roof and soffit repairs (all listed issues) | My house is very helpful before my husband that we didn't work every year we've been here but it still need more work and I only have one leg I'm disabled I tried to get this for years ago and I couldn't get any help now maybe since my husband is passed away and I'm disabled maybe I can get a grant to fix it multiple things need to be done wonders I hope just things that had never been down to older house I don't really know how to describe it but I really need help thank you,1200,6500,3850,,As soon as possible
04f8a05a3961,Exterior,Paving,33411,2026-04,"Lift, remove roots, and reset uneven pavers over 736 sq ft | Looking for a paver restoration focused strictly on re-leveling and stabilizing the existing surface. It’s important that the work is done correctly and at a fair price. The goal is to fix uneven areas caused by settling and root growth so the surface is safe, level, and clean-looking again, without adding any unnecessary services.",2200,4400,3300,,As soon as possible
c40b15ca508f,Handyman,Door repair / installation,48227,2026-03,Replace or install one exterior entry door | When it rain water come through the storm door I think the frame is put up wrong,450,1200,825,,As soon as possible
3269656aff28,Roofing,Roofing,75428,2026-03,Replace/repair exterior soffit and fascia with supplied materials | 1. I want you to simply nail up what can be rehung and replace only wood that is rotted,700,1300,1000,,As soon as possible
7e66cb9f3e58,Plumbing,Faucet / fixture installation,48091,2026-04,Repair single leaky faucet (you supply parts) | Facet need replacement,100,200,150,,As soon as possible
d4758ff40ebc,Handyman,Tv Mounting,99336,2026-03,"Mount 50–65"" TV on standard drywall with tilt mount | Need it asap today",175,350,262.5,,As soon as possible
b9ffefbd453c,Plumbing,Leak repair,47807,2026-04,Repair tub diverter to stop leak or restore diverter function,200,420,310,,As soon as possible
bf0093b95526,HVAC,AC repair,33160,2025-06,"Fix frozen evaporator coil, check airflow and filter",109.7,255.97,182.84,171.26,Flexible
50bce88abd13,Handyman,Tv Mounting,14850,2026-03,"Mounting over-75"" TV to drywall over studs with visible cables",350,650,500,,As soon as possible
e965313bb6d9,Handyman,Furniture Assembly,33411,2026-04,Replace and install two nightstand drawer glides (we supply parts) | I have 2 mirrored nightstands. The top drawer glides broke on both of them.,120,240,180,,As soon as possible
8a14280db61f,Exterior,Paving,75603,2026-04,"12.5'x12.5' concrete slab, 4"" thick, homeowner supplies concrete | Slab for a 12×12 steel shed.",1800,2600,2200,,As soon as possible
acfad84f2d7d,Moving,Junk Removal,7047,2025-11,"Full garage cleanout, estimated 2 truckloads",358.51,717.01,537.76,575.7,Within 1 week
d742ee1f8e8f,Handyman,Tv Mounting,53214,2026-04,"On-site inspection then mount 50–65"" TV to aluminum sunroom frame | Please Michael in West Allis",320,640,480,,As soon as possible
377b01b6e33c,Roofing,Roofing,60628,2026-04,Replace a few asphalt shingles on single-story low-slope roof (we supply materials) | Need the job done soon,300,600,450,,As soon as possible
4e14f5a91eda,Handyman,Furniture Assembly,32714,2026-04,Assemble one small furniture item (flat-pack) | Put together sofa being delivered in boxes in 4/16.,80,120,100,,Within 1-2 weeks
3507d94e5218,Moving,Residential Moving,33027,2026-05,"Local move, 3BR house, 30-min drive, garage",520.04,1248.11,884.07,996.45,Within 1 month
98555bb44981,Moving,Residential Moving,77042,2025-11,"Load and unload 16-ft rental truck, local",220.25,440.49,330.37,274.17,Within 1 week
423460bac56d,Handyman,Handyman,33460,2026-03,Replace medium drywall section (~2–6 sq ft),180,450,315,,Within 1-2 weeks
5ce5209e0015,Handyman,Handyman,11003,2026-03,"Install supplied exterior entry door (one) | I will replace 2 doors with their frame , 2 exteriors, and hand 4 interiors doors.",350,900,625,,Within 1-2 weeks
4e1027677989,Appliance Repair,Appliance Repair,31313,2026-04,Diagnose and repair electric dryer (we supply parts),120,360,240,,As soon as possible
e6c0d7b2e624,Plumbing,Toilet repair / installation,33446,2026-03,Repair running toilet with supplied parts | Two toilets need the same repair. Also re caulk the base of shower with mildew resistant caulking.,150,300,225,,As soon as possible
2ed6761ca5b3,Flooring,Flooring,61525,2026-04,Solid hardwood small patch repair (~2 sq ft),250,500,375,,Within 1 month
e7d86604a18f,Exterior,Deck / Patio Construction,53225,2026-05,Assemble and install 12'x12' gazebo kit on level clear site | It is 12 x 10 in size,1200,1800,1500,,As soon as possible
46eccb93587b,Roofing,Roofing,77024,2026-05,"Full roof replacement 1500 sq ft ranch, asphalt shingles",5208.9,9376.02,7292.46,7265.79,
7114a0882e5d,Moving,Junk Removal,79343,2026-04,Remove and haul 20–50 bagged household trash | Need to clean out trash,150,300,225,,As soon as possible
7724913631ce,Pest Control,Bed bugs,33060,2026-02,"Bed bug heat treatment, 2BR apartment",567.06,1360.94,964,994.28,Flexible
c27ca1e58418,Exterior,Paving,36535,2026-05,Seal and stain concrete circular driveway surface,900,1500,1200,,As soon as possible
0a175804c612,Landscaping,Drip irrigation install,85048,2026-03,Replace two short drip irrigation lines (<25 ft total) | Need 2 drip lines replaced in yard,150,225,187.5,,As soon as possible
7e5502429bc8,Handyman,Handyman,48237,2026-03,Install new partition / drywall wall,600,2400,1500,,As soon as possible
0013fa1710b8,Handyman,Handyman,39501,2026-04,Install 5 interior blinds and 4 exterior light fixtures | Need blinds put up and outdoor lights,460,980,720,,Within 1-2 weeks
30e9c9f71470,Handyman,Handyman,53209,2026-03,Install supplied exterior shutters (we supply shutters) | Replace window shutters and hang them/black or sand storm in colors,300,1200,750,250,As soon as possible
e76033e8f5cf,Handyman,Door repair / installation,33401,2026-04,Hang one exterior pre-hung entry/storm door,350,900,625,,I'm flexible
b09e923582e4,Cleaning,Move-in / move-out cleaning,7003,2025-12,"Move-out clean, 2BR apartment, oven and fridge",179.73,314.54,247.13,258.23,Within 2 weeks
9b7c4f02b47b,Handyman,Handyman,8232,2026-03,Replace two 48x84 patio screens and repair outdoor faucet leak | Repair outdoor faucet leak. I have the part.,450,1000,725,,As soon as possible
a0850240804a,Pest Control,Termites,85014,2026-01,"Full perimeter liquid termite treatment, 1800 sq ft slab",681.94,1278.64,980.29,1067.9,Within 1 month
813a4bb39781,Moving,Residential Moving,85048,2025-06,"Load and unload 16-ft rental truck, local",260.87,521.74,391.31,356.25,
67458b594944,Handyman,Picture / mirror hanging,48154,2026-05,Reattach large bathroom mirror (36–60in) previously glued,250,500,375,,I'm flexible
f3694bc0de59,Plumbing,Drain cleaning / unclogging,77316,2026-04,Snaking sewer line to remove toilet-paper clog (no camera) | The guest toilet backs up and slow drains and I observed the pvc outside of the house was backing up toilet papers as well.,250,400,325,,As soon as possible
d2642c5b5a66,Appliance Repair,Appliance Repair,30701,2026-04,Repair or replace ice maker in kitchen freestanding fridge with dispenser | I need an ice maker replaced or repaired in my Frigidaire refrigerator,200,500,350,,As soon as possible
83041b282caf,Landscaping,Sod installation,7201,2026-01,Install 1000 sq ft bermuda sod in backyard,500.01,1200.03,850.02,665.87,Within 2 weeks
8565ddc18539,Cleaning,"Soft washing (siding, roofs, stucco)",32578,2025-09,"Soft wash roof and gutters, single story",250.75,501.49,376.12,414.47,Within 1 month
a6ebcb693e61,Handyman,Handyman,75243,2026-04,Install 3 blinds and mount 2 mirrors (we supply materials) | Just had windows installed. Need blinds rehung. Antique mirror hung and other mirror moved higher.,180,300,240,,As soon as possible
fdde962877d2,Pest Control,Termites,33458,2026-04,"Full perimeter liquid termite treatment, 1800 sq ft slab",766.03,1436.31,1101.17,1054,Within 2 weeks
6881f2b0b609,Electrical,Light fixture installation,33980,2026-04,Install supplied ceiling lights and minor electrical repairs,450,1200,825,,Within 1-2 weeks
5007daee6eb5,Flooring,Flooring,39426,2026-03,Install 250–500 sq ft laminate/vinyl plank flooring (you supply materials) | Flooring installation for my master bedroom. 16.6'x 13.6'. I have everything.,1000,1600,1300,,As soon as possible
fa2fd37dfe0f,Handyman,Handyman,62278,2026-03,Build or install a catio (enclosed outdoor cat run),600,4200,2400,,I'm flexible
bc7509624797,Appliance Repair,Appliance Repair,25703,2026-04,Repair small appliance (customer supplies parts) | I need my dishwasher repaired. I have the part already.,75,150,112.5,,Within 1-2 weeks
2b3baf9bf9df,Handyman,Handyman,12203,2026-03,Simple window repair (sash/lock/weatherstrip) | Window,120,350,235,,As soon as possible
03ca1c3278cf,Handyman,Handyman,10029,2026-03,Diagnostic and repair: washing machine and doorbell camera | Washing machine making noise like a truck. Motor and I have to register the doorbell camera.,220,1200,710,,As soon as possible
6b24cff1a042,Electrical,Outlet / switch installation,33437,2026-04,Install one LED-compatible dimmer switch,110,230,170,,As soon as possible
0f07881e958c,Plumbing,Plumbing,44446,2026-03,"Install supplied bathroom vanity, adjust drain and copper supply lines",375,950,662.5,,As soon as possible
39e4a54e684b,Pest Control,Rodents (mice / rats),33101,2026-04,"Rat removal and attic cleanup, bait stations",262.23,524.46,393.35,349.01,Flexible
a0a626252c41,Electrical,Ceiling fan installation,30008,2026-03,Install three ceiling fans in ZIP 30008 | Put up ceiling fans,360,960,660,,Within 1 month
b2ca4f93866d,Handyman,Handyman,30058,2026-03,"Replace supplied kitchen faucet; paint two standard rooms | Kitchen faucet replaced, a couple of rooms painted",260,640,450,,I'm flexible
9384cecefec2,Roofing,Gutter cleaning,75093,2025-07,"Clean gutters and install leaf guards, single story",214.88,429.77,322.32,295.45,Within 2 weeks
44e081556e1a,Exterior,Deck / fence cleaning and staining,64081,2026-04,Medium deck (200–400 sq ft) staining or painting | I need my deck stained and boards repair that are rotten. I will need to get it ready for stain,650,1200,925,,Within 1-2 weeks
d4bda8d4eab1,Plumbing,Plumbing,28016,2026-04,On-site diagnostic and repair of bathtub/shower valve | Water is leaking from the faucet and the hot water knob.,350,700,525,,I'm flexible
b19a1b29cf9e,Moving,Residential Moving,7083,2025-09,"Local move, 2BR apartment, 15-min drive",333.63,667.25,500.44,420.62,Within 1 month
0fa432b286df,Painting,House Painter,11741,2026-03,"Paint or stain one door (interior or exterior) | I just had my kitchen redone, I knocked down 1/2 wall so now my kitchen and den are together. Not much wall space in the kitchen. Ceiling also needs painting.",80,120,100,,As soon as possible
8742da127856,Plumbing,Toilet repair / installation,44011,2026-04,Dual-flush toilet flapper/flush valve repair or replacement,160,320,240,,As soon as possible
f30c80f183c3,Handyman,Tv Mounting,61821,2026-04,"Mount 50–65"" TV on drywall with studs",140,220,180,,As soon as possible
feb03e374eba,Plumbing,Toilet repair / installation,33566,2026-04,Remove old toilet and install homeowner-supplied new toilet | It’s very easy just take the old toilet out put the new one in take the old toilet to the dump or wherever you put your stuff,180,400,290,,As soon as possible
06954b8a7f8d,Flooring,Flooring,32127,2026-03,Replace flooring in one small room with removal and disposal | Bathroom floor needs to be replaced. Right know there is a lift in the floor for the toilet. Need the whole floor replaced.,400,1400,900,,I'm flexible
d432d25303d8,Handyman,Handyman,34432,2026-04,"Riding lawn tractor — engine won't start; we supply parts | Lawn mower rider has no power, dark black smoke.",350,680,515,,As soon as possible
1ed518556c45,Electrical,Ceiling fan installation,28208,2026-03,Replace supplied ceiling fan and supplied porch light | That is all.,180,450,315,,As soon as possible
1a8959698a9e,Landscaping,Tree trimming / removal,76117,2026-03,"Remove dead 40-ft pine, stump grind, haul",725.24,1631.78,1178.51,1303.25,Within 1 week
80e107ee3ba1,Handyman,Handyman,27712,2026-03,LVP flooring installation (materials supplied by homeowner) | I’m not sure of all of the specifics about lvp,800,3500,2150,,As soon as possible
aee651be73c9,Roofing,Gutter cleaning,32908,2026-04,Single-story 200 ft gutter cleaning in ZIP 32908 | The gutters need clearing,175,275,225,,As soon as possible
3a5181a6f8e6,Handyman,Drywall repair / patching,33619,2026-04,Replace drywall sheet-sized holes in ceiling | I just want a estimate before I get it fix,800,1800,1300,,Within 1 month
ad5f9478d603,Handyman,Door repair / installation,34235,2026-03,Replace one interior door (standard size) | I have hinges to make a secret bookshelf door.,150,350,250,,I'm flexible
8be140392743,Handyman,Handyman,72206,2026-03,"Install supplied doorbell, ceiling fan, and kitchen faucet | I have assembled the ceiling fan. Its ready to be connected and hung.",260,620,440,,I'm flexible
7978a5cc6950,Handyman,Door repair / installation,32327,2026-04,Replace two exterior doors with new frames and storm doors (we supply) | Replace the exterior home front and back doors with frames and storm doors.,2200,4200,3200,,Within 1-2 weeks
ca3b40e3f4a5,Plumbing,Toilet repair / installation,20853,2026-03,Repair leaking toilet (includes supply of common replacement parts) | The master bathroom is leaking to the basement,180,400,290,,As soon as possible
0ecddab3bf18,Handyman,Door repair / installation,33805,2026-03,Hang one interior slab door (you supply door and hardware) | I need the doors painted and frame around the door changed,120,180,150,,As soon as possible
1d0594666bff,Roofing,Roofing,32216,2025-10,Emergency tarp and temp seal for storm damage,187.71,469.27,328.49,292.63,Flexible
96cd0eaa2a4c,Handyman,Handyman,19901,2026-03,Adjust or replace hinges on one interior door | Storm door hinges came off with wind,60,120,90,,As soon as possible
72f14507304b,Pest Control,Bed bugs,85006,2026-02,"Bed bug heat treatment, 2BR apartment",463.3,1111.92,787.61,605.34,Flexible
c0d8a9a230e1,Handyman,Fence repair,93210,2026-05,Replace 65' wood picket fence; homeowner supplies materials | Need 65’ fence/gate to be replaced,1100,1800,1450,,I'm flexible
9c3a67317761,Handyman,Deck repair,30060,2026-04,Replace 3–5 deck boards (we supply boards),450,850,650,,As soon as possible
b759ee249f22,Electrical,Outlet / switch installation,76065,2026-04,Replace one homeowner-supplied standard wall switch | I need to fix light switch in my kitchen and mount TVs,95,120,107.5,,As soon as possible
a190869298d6,Cleaning,Window washing (exterior),32789,2026-02,"Exterior window wash, 2-story, 20 windows",209.72,419.43,314.57,313.07,Flexible
1072aa7d027a,Handyman,Handyman,58503,2026-04,"On-site assessment and repairs for latch, bulbs, bookcases, laundry shelving and temporary W/D move | It’s a lot of things that I’ve been putting off. I would like to know, however if you need cash check or can I use a credit card that would be lovely",220,520,370,,Within 1 month
bc7fe627d446,Handyman,Drywall repair / patching,43620,2026-03,"Repair 18–36"" ceiling hole with finish and ure match",450,900,675,,As soon as possible
0b59f34f597a,Handyman,Tv Mounting,47715,2026-04,"Mount 51–65"" TV using homeowner-supplied mount | My old tv died and I need my new one put up.",120,250,185,,As soon as possible
cce19cc2cd21,Auto,Car Detailing,75570,2026-04,Install supplied vehicle sound-deadening material | I need a sound deadening material package to be installed within a Jeep Wrangler. Materials and instructions will be provided. Here is a link: https://soundskinsglobal.com/products/soundskins-pro-jeep-wrangler-jl-template-kit-2018-to-2022,200,500,350,,As soon as possible
9e54fa93dbad,Exterior,Paving,48150,2026-03,"8x10 ft, 4"" concrete slab (owner supplies concrete) | Concrete slab for inground pool 4 ft. All framed out. Ready to go. It's going to be an 8-in deep footing around the edge for block",700,1000,850,,As soon as possible
5a8872eea42b,Remodeling,Remodeling,76135,2026-03,Lower tiled shower curb (site-built) | I have 4 racks for clothes and shoes I need put together,350,900,625,,As soon as possible
5db05db82489,Pest Control,Rodents (mice / rats),76117,2026-01,"Rat removal and attic cleanup, bait stations",288.35,576.7,432.53,409.36,Within 1 month
dbbcd3ff0292,Flooring,Flooring,67208,2026-04,Install vinyl flooring in small room (≤100 sq ft) with materials supplied | The sub floor in the bathroom need to be replaced and the toliet seal to prevent water from getting on the floor. Also want a vinyl or some inexpensive floor cover installed,450,700,575,,As soon as possible
a621ebebd148,Moving,Residential Moving,30312,2025-12,"Studio apartment move, same building different floor",156.61,313.23,234.92,191.18,Within 1 week
715fcf6424d0,Handyman,Door repair / installation,60585,2026-04,Remove damaged frame wood; install supplied exterior door and storm door | Can send photos later-at work.,250,550,400,,Within 1 month
d8c07d144665,Pest Control,"Wildlife removal (raccoons, squirrels, etc.)",33304,2025-10,"Squirrel removal from attic, seal entry",215.52,431.03,323.27,340.12,
9cb4b00d0189,Landscaping,Tree trimming / removal,7960,2026-03,"Removal of several large residential trees | The trees not near any buildings, they are probably ash, and dead, kind of soft wood. Removal of felled trees TBD After tree cutting possible clearing of brush",2500,9500,6000,,I'm flexible
5636ef939535,Flooring,Flooring,33009,2026-03,Ceramic/porcelain tile flooring installation (you supply tile and grout) | need 2 doorways and a window hole plastered and smoothed out. need some tile baseboards finished need 2 plugs in my Florida room,900,3500,2200,,As soon as possible
7dcb20be5354,HVAC,Seasonal tune-up / maintenance,75205,2025-12,Pre-winter furnace inspection and filter change,75.32,141.23,108.27,114.69,Within 1 week
794085b394b2,General Contractor,General Contractor,19956,2026-04,"Supply & install modular aluminum exterior ramp with 5'x5' landing | I have not taken photos yet, can do soon.",3600,4200,3900,,As soon as possible
662ac33770aa,Handyman,Handyman,14223,2026-03,Gutter clog or downspout clearing in ZIP 14223 | Downspouts need to be reattach,120,300,210,,Within 1 month
75230bbdfffa,Landscaping,Garden bed design / planting,7090,2025-06,Plant 12 shrubs and perennials in front beds,339.74,679.49,509.62,422.56,Within 1 week
fb2f73f87c88,Painting,House Painter,35771,2026-03,Paint or stain a single interior door | I have painting and staining needed.,80,150,115,,As soon as possible
1eef748f055a,Painting,House Painter,32082,2026-04,Paint one side of house — coquina surface,900,1800,1350,,As soon as possible
7266cf837de9,Appliance Repair,Appliance Repair,7110,2025-11,"Dryer not heating, replace heating element",112.5,262.5,187.5,212.42,Within 1 month
91f80f3e9861,Handyman,Tv Mounting,76904,2026-03,"Mount supplied 66–75"" TV to brick veneer wall",250,450,350,,As soon as possible
6b106b195b8d,Handyman,General repairs,23513,2026-03,Small exterior brick repair at vent (we supply materials),350,900,625,,As soon as possible
2b49bbd05b42,Plumbing,Toilet repair / installation,30565,2026-04,Diagnose and repair running toilet with easy tank access | Install new toilet,120,240,180,,As soon as possible
941977983c84,Handyman,Handyman,44512,2026-03,Single drywall patch up to 6-inch hole | Hole in the kitchen ceiling created by a leaking bathroom sink,150,275,212.5,,As soon as possible
c851c78a5599,Plumbing,Pipe repair / replacement,60617,2026-03,Repair leaking baseboard heating pipe (radiator/ hydronic),250,1200,725,,As soon as possible
14efe7909cbc,General Contractor,General Contractor,63136,2026-03,In-person damage assessment and planning visit,150,350,250,,Within 1-2 weeks
b5aeff8acc69,Handyman,Handyman,48324,2026-03,"Repair 3 interior stair treads and stringers, materials supplied | There is no access panel",900,1500,1200,,As soon as possible
c8f3716c3e5e,Handyman,Door repair / installation,71303,2026-03,Install new interior prehung door with supplies and lock | Install lock too,380,760,570,,As soon as possible
8589066e9cca,Pest Control,Termites,32750,2025-07,"Full perimeter liquid termite treatment, 1800 sq ft slab",818.19,1534.11,1176.15,1296.64,Within 2 weeks
bb5df7e3650e,Handyman,Door repair / installation,23454,2026-04,Replace storm door and replace wood molding (we supply both),400,950,675,,Within 1-2 weeks
929ef36da5ca,Pest Control,Termites,32216,2025-09,"Termite inspection and spot treatment, crawlspace",212.59,531.47,372.03,315.28,Within 1 week
998fc5dfb867,Roofing,Gutter cleaning,77042,2025-09,"Clean gutters and install leaf guards, single story",188.54,377.09,282.81,281.91,Flexible
3d873a035196,Plumbing,Faucet / fixture installation,60543,2026-04,Repair or replace an outdoor faucet (hose bib),100,250,175,,As soon as possible
172a7c9e0e37,Painting,House Painter,29118,2026-03,"Paint two exterior doors, railings, shutters, carport railings glossy black",650,1250,950,,Within 1-2 weeks
cd6ace28cdbf,Flooring,Flooring,10026,2026-03,Replace 40 supplied vinyl square floor tiles,180,360,270,,As soon as possible
728f1a293713,Handyman,Shelving / closet organizers,19141,2026-03,Repair 3 supplied shelves (closet and cabinets),150,300,225,,As soon as possible
77c916090633,Pest Control,Rodents (mice / rats),7032,2025-09,"Mouse exclusion and trapping, seal garage entry points",183.45,366.91,275.18,235.61,
4986dc5d949f,Pest Control,Mosquito yard spray,85014,2025-07,"Mosquito barrier spray, 1/4 acre yard",68.86,129.12,98.99,79.83,Within 1 week
a73d4e70d064,Cleaning,Move-in / move-out cleaning,7002,2025-08,"Move-out clean, 2BR apartment, oven and fridge",202.41,354.22,278.31,288.33,Within 2 weeks
b9c69107fa2b,Landscaping,Garden bed design / planting,75219,2025-06,Plant 12 shrubs and perennials in front beds,276.54,553.07,414.81,329.64,Within 1 month
2c546f720c93,Handyman,Handyman,87124,2026-03,"Repair/replace blown-down wood fence gate with intact posts | 6' wood fence, door went down in last wind storm. door in tact.",250,900,575,,I'm flexible
b8d4d60e7f9c,Handyman,Tv Mounting,32162,2026-04,"Re-mount existing mount with 40–55"" TV (reuse existing mount) | minor electrical problem replacing mounted tv",80,220,150,,As soon as possible
b7b593cb8ec2,Handyman,Handyman,22963,2026-04,Remove over‑range microwave and install supplied under‑cabinet hood,275,500,387.5,,Within 1 month
accceffe127e,Handyman,Handyman,43026,2026-03,"Replace a few asphalt shingles on residential roof | Replacement some shingles, I have the shingles to replace .",150,450,300,,As soon as possible
4d24bf25aea8,Handyman,Handyman,19008,2026-03,Pella exterior door not closing due to visible frame gap | This is a Pella exterior French door that no longer shuts. It needs adjustment.,220,850,535,,As soon as possible
bf038251c59b,Painting,Interior painting,32533,2026-04,Painting or staining one interior door,80,160,120,,As soon as possible
6bfc25cc7df5,Cleaning,"Standard recurring cleaning (weekly, biweekly, monthly)",19403,2026-05,"Biweekly one-bedroom whole-home cleaning with eco products | Looming for someone who is ok w/ light tidying or working around whatever is on the kitchen counter if we're having a crazy week. A week where its a ""do what you can"" is always better than nothing.",130,170,150,,I'm flexible
0c943b6adf66,Exterior,Deck / fence cleaning and staining,47229,2026-03,"Small deck/porch staining or painting (≤150 sq ft), homeowner supplies product | 2 small bathrooms and a patio",250,450,350,,I'm flexible
e2a8e0bfa1ed,Exterior,Paving,20902,2026-04,Polyjacking lift of 50–150 sq ft patio plus power washing,1100,1700,1400,,As soon as possible
cea3bd05d426,General Contractor,General Contractor,33406,2026-04,Onsite visit to scope finishing firefighter pole installation | No hurry,75,150,112.5,,I'm flexible
2fcb7918c598,Handyman,Picture / mirror hanging,43953,2026-04,Hang three medium-weight framed pictures on plaster walls | I need someone to hang three pictures.,150,300,225,,As soon as possible
b49249ccbb3a,Handyman,Handyman,77520,2026-03,Assemble dining table glass top and four chairs (customer supplies) | Assemble a dining room table glass top with 4 chairs.,100,180,140,,As soon as possible
4bc8836bf6cc,Cleaning,Window washing (exterior),75228,2025-10,"Exterior window wash, 2-story, 20 windows",206.64,413.27,309.95,336.03,Flexible
49be3d65743d,Handyman,Tv Mounting,14604,2026-03,Secure TV with legs on dresser (no wall mount),60,160,110,,As soon as possible
1d6f777772c6,Landscaping,Lawn mowing / maintenance,29501,2026-03,Mow medium residential lawn (1/4–1/2 acre) | Yard cleaning,80,140,110,,Within 1-2 weeks
0bf85f8f318b,Handyman,Drywall repair / patching,30248,2026-04,"Repair 2–3 small drywall spots | I really have a video, but I took pictures.But you might see a glare with the kitchen light. I wanted to see, can I get an estimate to fix the drywall on the Ceiling on both areas. My husband tried to cover up the first one, but it's lumpy.",180,320,250,,As soon as possible
a3c8e75f74a9,Landscaping,Lawn mowing / maintenance,46816,2026-04,"Mow, edging, and blow for small residential yard | Yard Man for summer",40,60,50,,I'm flexible
73ad3dfef061,Handyman,Handyman,46218,2026-04,On-site measure and build wooden window AC frame with supplied lumber and trim | Wooden fram built for a air conditioner window,300,600,450,,Within 1 month
deb4666a7556,Plumbing,Toilet repair / installation,53235,2026-04,"Inspect and replace toilet wax seal; assess ceiling water damage | We cant tell anything by looking at toilet, just a guess because of leakage area",350,850,600,,As soon as possible
5eedba76cb71,Landscaping,Mulching,32225,2025-11,Spread 5 cubic yards of mulch in front beds,171.39,342.78,257.08,217.62,Within 1 week
749592143713,Cleaning,Window washing (exterior),33133,2026-02,"Exterior window wash, 2-story, 20 windows",196.53,393.06,294.8,275.42,Flexible
db6b1352e51c,Handyman,Handyman,26034,2026-03,5–7 small home repairs (varied types) | Different projects,350,900,625,,I'm flexible
87ba97ed9475,Handyman,Tv Mounting,99217,2026-04,"Mount 70""+ TV on drywall with studs | Would like install as soon as possible.",250,500,375,,As soon as possible
de540e6ab33a,Moving,Junk Removal,92630,2026-04,Remove and haul away stuck dishwasher in mobile home | Message: I need someone to come out and remove and old dishwasher from a 1981 mobile home in Lake Forest. The old dishwasher is too old to just pull out. It is stuck in by a wood floorboard. I’m looking for a quote to remove it.,250,550,400,,As soon as possible
645202596b68,HVAC,AC repair,85048,2025-09,Replace capacitor and contactor on condenser,129.78,259.55,194.67,224.9,Flexible
44f1bbc5b4c9,Painting,House Painter,60661,2026-04,Install supplied wallpaper on one accent wall | Wall paper,250,450,350,,Within 1-2 weeks
94bcfe105ad5,Plumbing,Pipe repair / replacement,34432,2026-04,Repair leaking pipe under stilt home (Hardy boards removed),450,900,675,,As soon as possible
fe94789a48da,Handyman,Handyman,48066,2026-03,Replace garage door cable and humidifier Aprilaire maintenance,160,280,220,,Within 1-2 weeks
c09582dcf542,Painting,Interior painting,60636,2026-04,"Paint/stain 3-5 interior doors; one needs replacement | Will purchase some material such as pain, also need Door Knobs and Door Stoppers.",560,1400,980,,I'm flexible
5b5804ed59d9,Flooring,Flooring,19711,2026-05,Install neoprene rug/runner glued to bathroom floor,60,120,90,,As soon as possible
8e950708da83,Roofing,Gutter cleaning,47112,2026-03,"Replace gutter sections and reseal rusty spots | I need gutter repair , ceiling fan replaced , door replaced .",300,1200,750,,As soon as possible
ec622897b2df,Plumbing,Leak repair,71269,2026-04,Repair through-slab floor water leak with supplied parts,1800,3600,2700,,As soon as possible
8cce10345c5e,Electrical,Outlet / switch installation,8008,2026-04,Run new outlet 6–20 ft with full drywall patch and paint,380,760,570,,As soon as possible
4effa88a956a,Cleaning,Carpet cleaning,7052,2026-01,Steam clean carpet in 3 bedrooms and hallway,147.57,295.13,221.35,233.56,Within 1 month
36b581c7df84,Appliance Repair,Appliance Repair,37918,2026-04,Diagnose and repair refrigerator-freezer cooling issue (we supply parts),275,1200,737.5,,As soon as possible
b67e21816864,Handyman,Handyman,92673,2026-04,Carpentry and paint — general estimate provided | I need carpentry regarding my wood around balcony,300,1200,750,,As soon as possible
453afb3d310d,Exterior,Deck / fence cleaning and staining,64137,2026-03,Single-story deck power wash/sand and stain | Need someone to power wash and or sand and stain my deck.,500,1200,850,,As soon as possible
a24808ec8338,Plumbing,Plumbing,30064,2026-04,Diagnose and repair shower with no water after recent install | I am looking for the same darn vvendor whom I paid to come out and complete the work started,275,800,537.5,,As soon as possible
2539b1fe79ac,Handyman,Door repair / installation,21229,2026-03,"Repair door frame and fill hole | Door frame fixed, hole to be filled in etc.",220,440,330,,Within 1-2 weeks
6f84d745efab,Painting,House Painter,44132,2026-05,Paint entry door and rust touch-up on security door | Faucet put bathroom sink,120,220,170,,Within 1-2 weeks
a1c8028fdb70,Electrical,Electrician,42232,2026-03,Replace 2 exterior lights and relocate 1 security light,300,520,410,,As soon as possible
05a4cd585799,Handyman,Handyman,78578,2026-03,Install supplied closet door frame and assemble supplied rack | House settled and door frame is a little off track,250,650,450,,As soon as possible
658a39f88a25,Handyman,Drywall repair / patching,63136,2026-03,"Patch 2–3 medium drywall holes (carpentry and drywall) | Hole in downstairs basement restrooms ceiling, hole behind entry door in drywall.",220,520,370,,I'm flexible
8f7d517865d6,Handyman,Furniture Assembly,30094,2026-04,"Assemble 3–4 large, complex furniture items",300,600,450,,As soon as possible
5f79fb022120,Handyman,Handyman,31907,2026-05,Repair claw-scratch damage on 4 kitchen cabinet faces,120,220,170,,As soon as possible
69ec3b9cea2c,HVAC,AC installation / replacement,75248,2026-03,"Install 3-ton split AC, 1500 sq ft home",3252.69,5576.04,4414.36,4709.57,Within 1 month
a37d09d34a7c,Moving,Residential Moving,85014,2025-09,"Local move, 2BR apartment, 15-min drive",331.43,662.85,497.14,494.04,
0df941cb1536,Painting,Interior painting,19977,2026-04,Painting two large/open-plan interior areas (homeowner supplies paint) | Painting,1400,4200,2800,,Within 1-2 weeks
b94422c62a30,Cleaning,"Pressure washing (driveways, sidewalks, patios)",78759,2026-04,"Power wash 15x17 screened patio, vacuum/wash furniture, clean 12 windows | Could you get done by April 15?",220,420,320,425,As soon as possible
179cf283f9f5,Appliance Repair,Appliance Repair,62959,2026-03,Repair single freezer drawer that won't close,120,300,210,,As soon as possible
6a287a1078c0,Flooring,Flooring,36117,2026-04,Staining 13–16 interior steps plus adjacent floor | None,400,950,675,,As soon as possible
cb2cf4bf26a8,Handyman,Door repair / installation,68134,2026-03,Single interior door installation or rehanging | A door yo close in my washer and dryer,120,350,235,,As soon as possible
632cc2a9bf8e,Electrical,Ceiling fan installation,30223,2026-04,Install homeowner-supplied ceiling fan | Two weeks,100,250,175,,Within 1-2 weeks
292538a65fd7,Handyman,Furniture Assembly,32566,2026-03,Assemble one medium furniture item with instructions | Assemble wordrobe,80,140,110,,I'm flexible
338b4dea5367,Painting,House Painter,60411,2026-04,Paint exterior metal railing ~8–12 ft around window | Railing need to be strip and spokes and need coating and painted,160,260,210,,Within 1-2 weeks
a41e38b702f4,Landscaping,Tree trimming / removal,33418,2026-05,Trim two 30-ft oaks overhanging roof,316.23,737.87,527.05,547.25,
ec12198047ad,Plumbing,Faucet / fixture installation,55305,2026-03,Repair leaking faucet (you supply parts) | Dishwasher/disposal drainage problems,120,180,150,,Within 1 month
0287240ca63d,Handyman,Handyman,38135,2026-04,"Two desks—disassemble, scratch repair, sand, varnish, tighten screws | The two desk has to be disassemble and reassembled afterwards",220,480,350,,Within 1-2 weeks
b513a7ff5978,Plumbing,Plumbing,28677,2026-03,"Install 5 supplied blinds, 2 supplied curtain rods, and replace supplied kitchen faucet | Need 5 mini blinds installed and 2 curtain rods and install a kitchen sink faucet",220,420,320,200,Within 1-2 weeks
bbb925608218,Exterior,Paving,32226,2026-04,Install 19x12 ft patio with supplied pavers | Patio pavers installed,2400,3600,3000,,As soon as possible
559465212fb5,Cleaning,Window washing (exterior),76034,2026-05,"Exterior window wash, 2-story, 20 windows",200.08,400.16,300.12,345.91,Within 2 weeks
fafc2732a41f,Landscaping,Tree trimming / removal,7108,2026-05,Trim two 30-ft oaks overhanging roof,339.73,792.71,566.22,675.45,Flexible
d2c3f7d7309a,Handyman,Door repair / installation,78154,2026-03,Hang and fit one solid wood slab door; install provided hardware | The door will need to have a protective coating (of some kind-not sure what I'll purchase yet) applied first. I would like to get an estimate for hanging the door plus all hardware installation and another bid for doing everything including applying the protective coating. I may decide to do the coating myself. I would imagine the painted on coating would have to be applied first (probably a couple of days before it is hung.)I don't have a picture yet but will be able to provide a picture later. It is a single solid wood front door. It is not a double door.,175,325,250,,I'm flexible
467ab99dbaa3,Moving,Junk Removal,60647,2026-04,"Haul old couch, mattress, 10 boxes from garage",136.94,273.89,205.41,211.47,
2d0d1a2c4841,Handyman,Handyman,78754,2026-03,Repair single door frame and surrounding damage | Rear door door jam at the bottom is rotten. need to be repaired.,180,450,315,,I'm flexible
d44082a1f10c,HVAC,Heating repair,75001,2025-07,"Fix furnace ignitor, unit not starting",159.83,372.93,266.38,245.83,Within 2 weeks
35913fbeb515,HVAC,Seasonal tune-up / maintenance,85014,2025-08,Pre-winter furnace inspection and filter change,86.72,162.61,124.67,135.9,Within 2 weeks
136e34f998a6,Electrical,Ceiling fan installation,68937,2026-05,"Install supplied ceiling fan on standard 8–9 ft drywall ceiling | My elderly father needs a ceiling fan with light installed in his dinning room. He has purchased a new fan and has it at the house. He is located in Elwood, just southof Lexington Nebraska. Thank you for your time",140,220,180,,I'm flexible
eaa26b14ca25,Handyman,Handyman,37663,2026-04,Full-day garage box organizing with ladder work possible | I need someone to arrange boxes in garage May require climbing ladder,480,640,560,,As soon as possible
4e212c279732,Landscaping,Hedge trimming,32578,2025-11,"Trim 60 linear ft of boxwood hedge, haul debris",117.83,245.47,181.65,171.06,Within 1 month
75502538c3e8,HVAC,Mini-split installation,7052,2025-12,Install single-zone ductless mini-split 12k BTU,2184.5,4369,3276.75,2938.6,Within 1 week
7f7af6137ce9,Plumbing,Plumbing,54004,2026-03,Locate septic access and diagnose/clear toilet clog,450,1200,825,,As soon as possible
93994319c450,Plumbing,Plumbing,70003,2026-04,Repair leaking faucet with supplied parts | needto fix float in toilet,160,350,255,,I'm flexible
2016478d9492,Flooring,Flooring,34759,2026-03,Flooring and tiling project in ZIP 34759 | I need the shower chaulk floor tiles in the master bathroom redone and stains cleaned and the excess chalk on the floor completely removed and smoothed as possible with the stains removed.,1200,4500,2850,,Within 1-2 weeks
a6e0f1a76758,Handyman,Handyman,75638,2026-04,"8–10 mixed indoor/outdoor general handyman tasks, no high access | I NEED A HANDYMAN!!",350,900,625,,As soon as possible
14bc33c0f01c,Plumbing,Faucet / fixture installation,27524,2026-04,Install two homeowner-supplied bathroom vanities | take out vanities in 2 bathrooms and replace with all new pluming,300,900,600,,Within 1-2 weeks
f0dc74b0f498,Appliance Repair,Appliance Repair,93451,2026-04,New dishwasher installation; homeowner supplies unit | Dishwasher has been delivered and needs to be installed,300,500,400,250,As soon as possible
54d639e084af,Flooring,Flooring,22408,2026-03,"Replace 6–10 hardwood floor boards, standard site",600,1200,900,,Within 1-2 weeks
22191a921526,Handyman,Window repair,35810,2026-03,Unsticking bay window; homeowner supplies hardware,150,450,300,,As soon as possible
09a9e7cbaba5,Moving,Residential Moving,75024,2026-01,Move large safe from garage to 2nd floor,216.34,540.85,378.6,392.01,Flexible
631f58a3d20f,HVAC,Mini-split installation,7201,2026-05,Install single-zone ductless mini-split 12k BTU,1965.3,3930.59,2947.95,2666.61,Within 1 week
392ed6711025,Handyman,Handyman,61354,2026-03,"Repair leaking drain or supply pipe under sink | Leak under floor, In sink area, boards need replaced also.",150,450,300,,As soon as possible
23ca67ce89b1,Plumbing,Toilet repair / installation,13760,2026-03,Toilet tank fill valve replacement | The toilet tank fills correctly but won’t turn toilet off. Have to lift top of tank to press down on valve to turn off toilet,120,260,190,,Within 1-2 weeks
7e245b947ebe,Handyman,Furniture Assembly,49230,2026-03,Assemble one medium flat-pack furniture item | I just received a medium chair that needs assembly,90,140,115,,As soon as possible
34fbd3ead861,Painting,House Painter,92376,2026-05,Exterior trim painting ~50–150 ft | Just 100 feet approx. Facia board.,500,900,700,,I'm flexible
6b931c5c8238,Cleaning,Deep cleaning,77007,2026-03,"Spring deep clean, 4BR/3BA, baseboards and blinds",253.63,456.53,355.08,337.34,Within 1 week
644214df316c,Landscaping,Lawn mowing / maintenance,33139,2025-08,One-time mow of overgrown 1/3 acre lot,96.82,193.63,145.22,158.51,
f15d449e81e8,Handyman,Window repair,8050,2026-04,"Replace 2 standard, ground-level double-hung windows | need 2 windows replaced ranch home also outer door fram repaired or replaced",700,1600,1150,,As soon as possible
fc0f55df7549,Handyman,Handyman,23320,2026-05,Diagnose and repair belt-driven hydrostatic mower (labor only) | Riding lawnmower repair,250,900,575,,As soon as possible
12207c2973e1,Cleaning,Deep cleaning,7111,2025-10,"Deep clean 3BR/2BA, 1800 sq ft, appliances included",170.46,340.92,255.69,238.77,Within 1 week
0c5791cea66c,Handyman,Handyman,20772,2026-04,Install 4 window blinds (standard residential) | Hang window blinds,150,320,235,,As soon as possible
54a91e5d8874,Painting,House Painter,32771,2026-03,Paint two small interior rooms' walls,400,800,600,,As soon as possible
d78d11b8bac2,Landscaping,Leaf cleanup / yard debris removal,7110,2026-04,"Fall leaf cleanup, 1/3 acre, bag and haul",128.93,257.86,193.4,179.31,Within 1 month
d0b572559570,Exterior,Paving,33411,2026-04,"Re-sanding 736 sq ft of paver joints | Hi, I’m looking to get a quote for a paver job at my property. The scope is re-leveling uneven pavers, addressing any root or base issues as needed, and re-sanding the joints after leveling. The area is approximately 736 sq ft (driveway, walkway, and patio sections). Could you let me know your pricing and availability for an on-site estimate",400,900,650,,As soon as possible
91bca017d067,Handyman,Handyman,48235,2026-03,Repair leak in accessible household water pipe | Dust to dawn light is out,160,480,320,,As soon as possible
ef80e37bb1d4,Painting,House Painter,32907,2026-03,Painting/staining 10–20 cabinet doors and drawers | Kitchen cabinetsto be painted,600,1600,1100,,As soon as possible
8dfe95b048b9,Landscaping,Mulching,7042,2026-01,Spread 5 cubic yards of mulch in front beds,150.33,300.66,225.5,221.26,Within 1 month
d9ae4cc82326,Plumbing,Faucet / fixture installation,61761,2026-03,Install supplied bathroom faucet and adjust sticky vinyl fence gate | Already have faucet. Gate adjustment via loosen/tighten hinges,220,460,340,,I'm flexible
d9eac2f7abef,Roofing,Roofing,10956,2026-04,Remove small roof cap/vent and replace nearby shingles,450,800,625,,I'm flexible
bc8bb8f5ff7a,Flooring,Flooring,32401,2026-04,Replace 4–10 engineered hardwood planks with supply | Had a subfloor project with some else who didn't show up to finish the job I need it finished asap but done correctly,450,900,675,,As soon as possible
884486e0e1e2,Handyman,Handyman,34105,2026-03,Partial replacement of 10–25 ft wooden fence | fencing wooden,350,900,625,,As soon as possible
7dd047c5c133,Handyman,Handyman,32174,2026-03,Install homeowner-supplied frameless shower door | I need a shower door replaced.,250,650,450,,Within 1-2 weeks
02be6761f02f,General Contractor,General Contractor,34112,2026-04,"Install vinyl porch fencing (20–40 ft), convert shed to two doors, run power under 25 ft | Need Vinyl fencing replacement, front and back porch. Also need a 1 door shed converted to a 2 door…Also, need electrician to run wiring from the panel to the shed.",6800,8200,7500,,As soon as possible
cf4f201c3c0e,Handyman,Handyman,77433,2026-03,"Install 2 curtain rods and 2 picture frames on standard drywall | Curtain rods installation, picture frame installation",140,260,200,,As soon as possible
37d192634861,Cleaning,Carpet cleaning,75062,2025-10,Steam clean carpet in 3 bedrooms and hallway,171.05,342.09,256.57,268.97,Within 1 month
7a0b3a11bb6a,Flooring,Flooring,34788,2026-03,"Laminate flooring install, 100–300 sq ft, you supply planks",900,1800,1350,,Within 1 month
360a93c2ff75,Handyman,Handyman,76638,2026-04,Handyman: 6–10 small tasks (odd jobs) | I JUST NEED A HANDYMAN,250,700,475,,As soon as possible
a08d9ea8d19b,Pest Control,Wasps / hornets / bees,7039,2025-10,"Remove wasp nest under eave, 2nd story",114.9,287.25,201.07,193.64,Within 1 week
d492b3655ccb,General Contractor,General Contractor,37923,2026-04,"Paint downstairs (~<800 sq ft) and install 9+ interior doors | Having Drywall put up now, hopefully will be ready for painting in 3 wks. Also need baseboards added",2200,4200,3200,,Within 1-2 weeks
b8c090fa07e2,Handyman,Handyman,40502,2026-05,Install provided cabinet pulls and two curtain rods | I have 43 kitchen cabinet door and drawers that need pulls. Each pull has two screws. Holes need to be drilled. I have two windows needing curtain rods installed holders installed,75,150,112.5,,As soon as possible
ca0d9e7273c9,Handyman,Handyman,55432,2026-03,Repair running toilet—quote supplied or customer-supplied parts,120,300,210,,I'm flexible
a3c171bc7313,Handyman,Handyman,61727,2026-03,Replace/repair bathroom and hallway trim; supply and install shower door track,450,1200,825,,As soon as possible
4ec586ca911a,Plumbing,Faucet / fixture installation,28546,2026-03,Reinstall/replace pulled-out kitchen faucet (no countertop damage) | Installed kitchen sink,120,300,210,,Within 1-2 weeks
0a7e9ae0aab0,Handyman,Door repair / installation,16510,2026-03,Build and install frame for storm/screen combo door (we supply door) | I need someone to build a door frame to hold a door,300,650,475,,Within 1 month
6f6a856b1c71,Plumbing,Faucet / fixture installation,48176,2026-04,Install supplied bathroom or kitchen faucet in 48176 | I need my faucet connected to my kangen water purifier,120,300,210,,I'm flexible
6c1ec2ad4dff,Handyman,Tv Mounting,58801,2026-03,"Set up and program a 51–65"" TV (no wall mount) | I would like to have help as soon as I could get help. Does it need to be wall mounted but I need somebody with some technical skills to get it programmed",90,140,115,,As soon as possible
af07b922bd67,Moving,Residential Moving,32712,2025-11,"Local move, 3BR house, 30-min drive, garage",525.82,1261.96,893.89,798.84,
40b39ea6c215,Electrical,Electrician,60473,2026-03,Replace a single wall light switch | Flooring,80,180,130,,I'm flexible
9d47a3e8133d,Electrical,Outlet / switch installation,10950,2026-04,Replace one electrical outlet or switch with supplied new device | Replace the switch,120,300,210,,As soon as possible
c20ce41196f9,Cleaning,Deep cleaning,76092,2025-11,"Spring deep clean, 4BR/3BA, baseboards and blinds",287.36,517.25,402.31,376.39,Within 2 weeks
76f7ead6cbad,Roofing,Roofing,10003,2026-03,"Patch flat roof leak, apply torch-down membrane",336.75,785.74,561.25,510.73,Within 2 weeks
d86b9ad06464,Electrical,Outlet / switch installation,48021,2026-05,Replace one standard light switch (we supply the switch) | My switch not working the two reset went out,120,180,150,,I'm flexible
e8322f8887bb,Handyman,General repairs,48228,2026-03,Repair or replacement of 2–3 interior stair steps,350,850,600,,Within 1-2 weeks
9cd32ad1ae4c,HVAC,Seasonal tune-up / maintenance,32034,2025-07,"Annual AC tune-up, inspect coils and refrigerant",76.43,143.3,109.87,105.45,Within 1 month
27089c9c58a6,Cleaning,"Pressure washing (driveways, sidewalks, patios)",33101,2025-08,"Pressure wash 2-story vinyl siding, 2000 sq ft",318.85,637.71,478.28,438.59,
357733bfb85f,HVAC,Heating repair,33155,2026-05,"Fix furnace ignitor, unit not starting",139.78,326.16,232.97,222.58,Flexible
5ce9c3c03b9f,Handyman,Handyman,4901,2026-04,"Customer seeks reliable contractor for listed repairs | Shower doors reinstalled, storm door fixed (doesn’t close correctly and fairly new), bifold door rehung as a French door, fan not working with wall remote and no other way to turn on, will replace if necessary, bathroom vanity light has one side not functioning all the time even though we have changed lightbulbs and new bathroom fan installed.",400,1600,1000,,Within 1 month
4944657a6893,HVAC,Seasonal tune-up / maintenance,7076,2025-08,"Annual AC tune-up, inspect coils and refrigerant",78.15,146.54,112.34,125.33,Within 2 weeks
08e484b5055a,Handyman,Handyman,19320,2026-03,Install homeowner-supplied ceiling fan in dining room (standard ceiling) | Installation of ceiling fan in place of a ceiling light in dining room,180,260,220,,I'm flexible
61ebc0c467ee,Handyman,Handyman,19904,2026-04,Re-glue one cabinet plus hinge/frame repairs | Just one cabinet right side is unglued that I noticed.,150,350,250,,As soon as possible
e512622688bb,Pest Control,Termites,7076,2025-06,"Full perimeter liquid termite treatment, 1800 sq ft slab",860.48,1613.4,1236.94,1335.01,Within 1 week
fa5b4360fb10,Handyman,Furniture Assembly,10475,2026-04,Assemble 2–3 small flat-pack furniture items | 2 small dressers. Cheap cloth dressers with a few screws. And a table. Desk table,90,160,125,,As soon as possible
67021fcf60c7,Painting,Interior painting,39702,2026-04,Bathroom floor painting with materials supplied by contractor | I need somebody to do my dryer,300,750,525,,As soon as possible
34a221bb96e2,Handyman,Furniture Assembly,77073,2026-04,Assemble 6+ supplied tricycles and set up supplied trike track | Kids trike track and tricycles,360,720,540,,As soon as possible
d2fea184642c,Handyman,Handyman,3055,2026-04,"Install supply-provided standard trim/baseboard in 2–3 rooms | Finish work, door replace and other carpentry",600,1600,1100,,I'm flexible
6751a76cc8fc,Handyman,Handyman,32780,2026-03,Install 20+ cabinet pulls and conceal TV wire behind wall | We need pulls added to our kitchen cabinets and a wire concealed behind a tv.,420,950,685,,As soon as possible
e4ece3f01c9c,Landscaping,Mulching,75104,2026-04,Spread 5 cubic yards of mulch in front beds,153.49,306.97,230.23,247.42,Flexible
17ef79385673,Landscaping,Lawn mowing / maintenance,30309,2026-03,"Weekly mow and edge, 1/4 acre front and back",37.13,74.26,55.7,46.14,Within 1 week
294aaa607a8b,Flooring,Flooring,43065,2026-04,Replace ~6 sq ft chipboard subfloor | I need some deteriorated subfloor replaced in a bathroom.,250,650,450,,As soon as possible
16669e323565,Appliance Repair,Appliance Repair,7083,2025-09,"Ice maker not working, replace water inlet valve",96.05,240.12,168.09,190.2,Flexible
6f6d5739a0a2,Handyman,Drywall repair / patching,11236,2026-04,"Patch large drywall hole (>18""), tape, sand, smooth finish, prep for painting",350,700,525,,As soon as possible
c8ed3f94ccaf,Handyman,Door repair / installation,99504,2026-03,"Repair/replace hinge or lock on one exterior door | It’s probably shimmed too tight, side metal door to garage",150,350,250,,As soon as possible
0abd8f27551d,HVAC,Duct repair / sealing,85016,2025-08,"Seal duct leaks in attic, mastic and foil tape",179.49,448.72,314.11,224.8,Within 1 week
42e544025f96,Handyman,Door repair / installation,28348,2026-03,Replace/repair door hinges and lock (standard interior/exterior) | Door won’t shut. Seems to be warped at bottom and other door won’t stay closed due to door closure,140,360,250,,As soon as possible
ce23dd4bac24,Moving,Residential Moving,77056,2026-02,"Studio apartment move, same building different floor",132.32,264.63,198.47,164.73,Within 1 month
4edd2dea18c7,Handyman,Handyman,36861,2026-03,Chimney crack repair on Dryvit/EIFS finish | Want the outer trim repaired and cap dent straightened and repainted,500,1800,1150,,I'm flexible
6440e6a91202,Handyman,Tv Mounting,19026,2026-04,"Supply, mount, and ground outdoor TV antenna | Already have antenna, grounding mount kit.",450,950,700,,Within 1-2 weeks
a3548d64df7d,Plumbing,Toilet repair / installation,8010,2026-03,"Toilet repair — minor fix or part replacement | Replacing a Zella Quick John premier grinder pump connected to the shower, bathroom sink and toilet.",120,350,235,,Within 1-2 weeks
ef5d8ffaf54c,HVAC,AC repair,77030,2026-01,"Diagnose AC not cooling, recharge refrigerant",153.56,409.5,281.53,288.01,
4987ed252a87,Handyman,Handyman,77713,2026-03,Install/replace refrigerator water shutoff valve with supply,180,320,250,,As soon as possible
bdd5cc691bd2,HVAC,Heating installation / replacement,75070,2026-04,Install 80k BTU gas furnace,2208.5,3975.3,3091.9,3305.28,
4cbb69ea6883,Handyman,Handyman,32779,2026-03,Install plywood in attic and repair one ceiling drywall piece | I fell through our attic ceiling trying to an area where water has been leaking in our bedroom ceiling. Need two pieces of drywall to replace water damaged drywall. One more piece of drywall as well as some plywood in the hallway where I broke through.,600,1200,900,,Within 1-2 weeks
6cce069177cd,Plumbing,Faucet / fixture installation,10710,2026-03,Fix leaking shower when off (valve/cartridge) | Leaking shower head,150,450,300,,As soon as possible
d0d1ec183968,Plumbing,Plumbing,97305,2026-03,"Shower valve repair or replacement | Also need a cap, put on my water sprinkler, I have all the parts , for both projects",200,900,550,,I'm flexible
cc4996f23b12,Electrical,Electrician,33415,2026-04,Install supplied kitchen light and replace dimmer on drywall | Hang kitchen light and replace dimmer switch,140,220,180,,As soon as possible
d88439bd85ec,Plumbing,Toilet repair / installation,34786,2026-04,Repair running standard-lever toilet with parts supplied | Need camera test to check for plugs,150,250,200,,I'm flexible
daabc5d7dd36,Electrical,Ceiling fan installation,78132,2026-04,Replace two ceiling fans with homeowner-supplied units | One outdoor tall ceiling,180,380,280,250,As soon as possible
af3b9d6b5cbb,Handyman,Tv Mounting,22306,2026-04,Connect your Roku streaming device to existing TV | Tv and remote not pairing and no Roku stations,60,90,75,,As soon as possible
577f11e5831c,Handyman,Handyman,15131,2026-03,Replace missing downspout section at residence ZIP 15131,200,650,425,,I'm flexible
5408f1f9a1d9,Cleaning,Window washing (exterior),75214,2025-08,"Exterior window wash, 2-story, 20 windows",196.92,393.83,295.38,246.66,
e8425b784fa8,Electrical,Electrician,72211,2026-04,Diagnose and repair shared breaker affecting garage opener,200,450,325,,Within 1-2 weeks
36486ce645c1,Landscaping,Lawn mowing / maintenance,40118,2026-04,"Mowing small residential lawn under 1/4 acre | Yard work front,back&side. No more then two hrs including trimming",35,55,45,,Within 1-2 weeks
2ac5b691fa27,Flooring,Flooring,43105,2026-03,"LVP installation for 3 small rooms (~300 sq ft) | Flooring 3 rooms, paint 5x7 bathroom,",1500,2700,2100,,Within 1-2 weeks
23267fc99b7a,Handyman,Drywall repair / patching,70508,2026-04,Single small drywall hole (nail/coin) repair,80,180,130,120,As soon as possible
da9d2b79c84b,Handyman,Handyman,38049,2026-03,Connect smartphone audio via Alexa to TV (sound only) | was connected and just stopped working,80,220,150,,I'm flexible
dd790261c9e6,Moving,Residential Moving,77004,2026-03,Move large safe from garage to 2nd floor,188.85,472.13,330.49,391.9,Within 1 month
3a5554022e2d,Flooring,Flooring,24501,2026-03,"Remove old flooring and install vinyl plank in <100 sq ft, reuse trim | Need 4 x6",300,600,450,,Within 1-2 weeks
fda4abb9e204,Pest Control,Seasonal program / recurring treatment,60614,2026-02,"Annual pest prevention, quarterly visits",281.87,563.74,422.81,411.57,Within 1 month
5f76c46b3071,Appliance Repair,Appliance Repair,76051,2025-10,"Dryer not heating, replace heating element",115.79,270.18,192.99,208.2,Within 2 weeks
f2bf58e54f66,Landscaping,Mulching,78254,2026-04,Install 3–5 cu yd landscape rock (you supply rock) | Assistance with installing rocks in yard,600,1000,800,,Within 1-2 weeks
e789d441b19d,Electrical,Outlet / switch installation,23452,2026-03,Replace single supplied electrical outlet | Minor electrical,75,150,112.5,,Within 1-2 weeks
d06801a50c6a,Moving,Junk Removal,60625,2025-11,"Haul old couch, mattress, 10 boxes from garage",158.8,317.61,238.21,242.72,Flexible
949f32c20a1f,Cleaning,Carpet cleaning,75093,2025-08,Steam clean carpet in 3 bedrooms and hallway,135.61,271.22,203.42,178.23,Within 1 week
0e3803a9c736,Electrical,Light fixture installation,33025,2026-04,Replace 6+ kitchen wall light panels (supply & install) | Replace light panels close to the ceiling in the kitchen area and install brand new tube lights 6,720,1920,1320,,As soon as possible
3728423e108f,Painting,House Painter,14411,2026-03,Bedroom walls painting project in ZIP 14411 | Painting and minor electrical,250,450,350,,Within 1-2 weeks
cbde8b191f38,Plumbing,Toilet repair / installation,75215,2026-04,Install homeowner-supplied toilet on wood subfloor | Toilet installation,150,300,225,,Within 1-2 weeks
ebafc7f8530e,Electrical,Outlet / switch installation,78604,2026-03,"Replace a standard electrical outlet | Bedroom ceiling fan switch on wall , replace AC thermostat in living room also on ceiling fan light string is jam ,one outlet one wall , bathroom outlet",75,180,127.5,,I'm flexible
b0060cf30679,Landscaping,Lawn mowing / maintenance,75219,2025-06,One-time mow of overgrown 1/3 acre lot,90.35,180.71,135.53,135.12,Within 1 month
d0da1af52e98,Appliance Repair,Appliance Repair,51433,2026-03,"Supply and install dishwasher adjacent to sink | Tear out cabinet and install dishwasher, garbage disposal and faucet",900,1500,1200,,As soon as possible
999845778842,Pest Control,Mosquito yard spray,85008,2025-09,"Mosquito barrier spray, 1/4 acre yard",86.31,161.83,124.07,113.38,Within 2 weeks
3742b6ed0958,Handyman,Handyman,60649,2026-04,Porch side-wall stepped joint crack repair on both sides,1800,3600,2700,,Within 1-2 weeks
9c7b18861f0d,Pest Control,Bed bugs,33060,2025-06,"Bed bug heat treatment, 2BR apartment",441,1058.4,749.7,691.02,Flexible
98224c72c0fa,Electrical,Ceiling fan installation,77546,2026-04,Install homeowner-supplied ceiling fan (old removed) | Just a simple ceiling fan install,140,300,220,,Within 1-2 weeks
56a70082d635,Plumbing,Toilet repair / installation,79019,2026-04,"Replace toilet wax ring and reseat toilet | When the upstairs toilet is flushed, it leaks down to the first floor. My brother used to do this sort of stuff and he says that it’s a wax ring. We are both disabled so we can no longer do something like this.",150,350,250,,As soon as possible
7c71a47fc941,Roofing,Roofing,77030,2025-11,Replace damaged ridge cap and seal pipe boot,169.58,339.17,254.38,293.18,Within 1 month
e14704c2e089,Flooring,Flooring,85711,2026-04,Remove carpet and pad from 12×11 bedroom | Remove water damaged carpet in estimated 12×11 bedroom,120,220,170,,As soon as possible
706ebbff90f1,Handyman,Door repair / installation,34453,2026-03,Repair minor exterior door rot and split trim | Water damage at bottom!,250,650,450,,Within 1-2 weeks
c898b3c4675e,Handyman,Door repair / installation,95620,2026-04,"Inspect then repair or replace keyed entry handle on front door | This is a front door and I don’t care about fancy, I care about safe. The door could be repaired if possible.",120,320,220,240,As soon as possible
0d4836d1aea3,Plumbing,Drain cleaning / unclogging,97601,2026-03,"Toilet completely backed up needing full clearing | The toilet is clogged, and we've tried stuff and it's not working",225,450,337.5,,As soon as possible
f93e32613589,Landscaping,Lawn mowing / maintenance,77019,2025-08,One-time mow of overgrown 1/3 acre lot,86.85,173.71,130.28,130.38,
fb44b1f22339,Exterior,Deck / fence cleaning and staining,49506,2026-04,Medium full deck staining with stairs and railings | Needs to be pressure washed,700,1400,1050,,As soon as possible
4926b6652dda,Handyman,Handyman,75654,2026-04,Install supplied shower door | Simple shower sliding door in bedroom.,250,700,475,,Within 1-2 weeks
2e7dff63ee8d,Plumbing,Plumbing,49015,2026-03,Minor plumbing repairs (general),120,450,285,,As soon as possible
257d53b79883,Cleaning,Move-in / move-out cleaning,10003,2026-04,"Move-out clean, 2BR apartment, oven and fridge",219.01,383.27,301.14,312.2,Within 1 month
af07603d4da4,Handyman,Handyman,44256,2026-03,Repair or replace 1–5 wind‑damaged siding pieces,250,900,575,,As soon as possible
19c378fd0186,Handyman,Handyman,48235,2026-03,Build 10x12 ft simple wooden slat foundation for shed | Well I'm looking for someone that does flat rate not nothing hourly,900,1600,1250,,As soon as possible
2ec1d8373835,Painting,Interior painting,32257,2026-04,Paint or stain 7–10 interior doors,420,900,660,,As soon as possible
265b0b21beda,Plumbing,Leak repair,31028,2026-05,"Repair leaking pull-down kitchen faucet in ZIP 31028 | Farmhouse, Faucet leaking",180,360,270,,As soon as possible
c8a3fdb7844b,Painting,Interior painting,55303,2026-04,Painting or staining 10–20 cabinet fronts (we supply materials) | Refacing kitchen cabinets,650,950,800,,I'm flexible
dd448e206610,Handyman,Handyman,33321,2026-03,Replace front door and sliding door locks,180,420,300,,I'm flexible
f47dc630419b,Landscaping,Hedge trimming,30236,2026-04,Light maintenance trimming of shrubs and hedges with some tight access | I just need some miner trimming and shaping.,180,320,250,,As soon as possible
d9f3e0597d97,Electrical,Light fixture installation,7712,2026-03,Install 4 recessed wafer LED lights | Existing light switches for center living room fan/light.,480,900,690,,I'm flexible
89cfcea2d815,Handyman,General repairs,34120,2026-04,"Repair fixed-seat swivel chair (rocks, squeaks) with parts | Could not load photo.",140,280,210,,As soon as possible
26bf531b790f,Moving,Junk Removal,75240,2026-04,"Haul old couch, mattress, 10 boxes from garage",161.77,323.53,242.65,245.17,Flexible
00e6b8493611,Flooring,Flooring,49417,2026-03,LVP install in a single small room | Need help with loose boards or flooring in bath room and some painting done,450,950,700,,As soon as possible
760ba124c267,Appliance Repair,Appliance Repair,44241,2026-04,"On-site repair for 50–65"" TV with no power (we supply parts) | Had.a.power.outage.the next.day.tv wouldn't turn on",250,650,450,,As soon as possible
0f253dd3265b,Pest Control,Roaches,7060,2026-02,"German cockroach treatment, kitchen and baths, 2 visits",142.34,284.68,213.51,223.47,Within 1 week
3c2de561e6c6,Handyman,Handyman,501,2026-03,2 TV Mountings in 00501 (What wall type? Brick/Stone),240,240,240,,As soon as possible
eca38a52423a,Appliance Repair,Appliance Repair,1106,2026-04,Freestanding refrigerator door diagnosis and basic repair,120,250,185,,As soon as possible
e50d31b7a144,Handyman,Tv Mounting,50023,2026-04,"Mount 50–65"" TV on drywall over studs with tilting mount | Replace one tvwith a larger one",175,275,225,,Within 1-2 weeks
0619aa53c71c,Cleaning,"Soft washing (siding, roofs, stucco)",77002,2025-12,"Soft wash roof and gutters, single story",235.12,470.24,352.68,357.78,Within 1 week
e52abc1f308c,Moving,Residential Moving,75104,2026-05,"Load and unload 16-ft rental truck, local",262.97,525.95,394.46,333.87,Flexible
52e76efe6b15,Electrical,Light fixture installation,48141,2026-04,Replace one wired exterior light fixture | Outside light doesn't work and needs to be replaced.,150,275,212.5,,I'm flexible
3a9707340d69,Handyman,Window repair,46383,2026-04,Repair leaking wood-frame shed window with visible sill rot | Need to stop leaking and wood rot,600,1800,1200,,Within 1 month
600cb180b5f3,Flooring,Flooring,33040,2026-04,Replace vinyl/laminate over 500 sq ft; homeowner supplies flooring,2200,3800,3000,,As soon as possible
ed9253c2fe83,Handyman,Door repair / installation,20650,2026-04,Install supplied prehung front exterior door | There's a storm door that needs to be removed along with the current exterior door,375,650,512.5,,As soon as possible
ffb8a68d5b41,Painting,House Painter,29693,2026-03,Paint six aluminum awnings with peeling paint; owner supplies paint | Paint 6 awing,850,1300,1075,,As soon as possible
b5866a9c2c79,Electrical,Ceiling fan installation,77357,2026-04,Install bedroom remote-controlled ceiling fan (you supply remote) | I have three bedrooms that I want to install remote ceiling fan,220,420,320,,Within 1-2 weeks
0e5275f34e63,Plumbing,Leak repair,33309,2026-03,Repair leak from upstairs tub/shower into bathroom ceiling | I will supply items for work,700,1600,1150,,Within 1-2 weeks
c5b30f849ed9,Appliance Repair,Appliance Repair,75150,2026-01,Diagnose washing machine not draining,105.58,219.97,162.78,166.47,Flexible
036f3a96a435,Plumbing,Faucet / fixture installation,34134,2026-04,"Install two bathroom faucets and tub drains using supplied parts | We will be in Florida during the summer, depending on availability of the plumber",360,900,630,,I'm flexible
92703ed2691b,HVAC,AC repair,7111,2026-04,"Diagnose AC not cooling, recharge refrigerant",158.11,421.63,289.87,228.93,Within 1 month
eb84c0688c3a,Plumbing,Plumbing,54727,2026-04,"Shower/tub plumbing repair with parts supplied by contractor | The tubing that goes to the hot water faucet came apart what looks like a previous connection point. T is actually located in the small room where the access panel is at. That room has been used as storage & is slightly difficult to get to, as many things got wet & I had to move several things around. There is also a computer desk in front of the access panel that I cannot move but it seems to be accessible even with the desk there. If it's too difficult to repair, if it could be ed off somehow, that would be ok too. I just need to have hot water in the rest of the house. If you need more pics, let me know. Thank you",250,600,425,,As soon as possible
494f8b426e85,Electrical,Light fixture installation,33322,2026-03,Install homeowner‑supplied standard dining fixture plus 1–2 small items | Replace dining room fixture And other Small items,140,260,200,,As soon as possible
deca4a03814c,Handyman,Weather stripping / insulation,65641,2026-03,Replace door/window weatherstripping (we supply materials),80,240,160,,Within 1-2 weeks
38ad933e6369,Cleaning,"Soft washing (siding, roofs, stucco)",33480,2026-04,"Soft wash roof and gutters, single story",263.38,526.76,395.07,353.47,Within 1 month
0c49468f854e,Handyman,Drywall repair / patching,60619,2026-04,Hang and finish drywall for a 10x10 room walls and ceiling,900,1400,1150,,Within 1-2 weeks
54d3fd385463,Handyman,Handyman,77494,2026-04,Install 25–40 standard overlay flat cabinet knobs/pulls (we supply hardware) | I just need the to be installed on my cabinets. 40 all the same size 5”. I already bought them and they are ready to be installed. I have a picot my kitchen if it helps. S,320,720,520,,As soon as possible
2d6ee4442604,Electrical,Electrician,64056,2026-03,"Replace exterior outlet, repair garage switch, diagnose doorbell",260,580,420,,I'm flexible
353c5f2735d3,Handyman,Tv Mounting,78073,2026-04,Place TV on stand and connect power/cables | Install the tv and place on the tv stand no wall mounting,60,150,105,,As soon as possible
e8f4e8455a29,Flooring,Flooring,28625,2026-03,Install supplied engineered wood in small room (<100 sq ft) | Replacement of wet planks with my planks. Area approximately 3’x5’. Project is in a RV.,350,600,475,,I'm flexible
279959931918,Electrical,Light fixture installation,30909,2026-03,Install supplied chandelier in 2-story foyer; inspect and reinforce ceiling box | Looking for chandelier installation in a 2-story foyer (~22 ft ceiling). I need someone experienced with high ceilings who already has the proper ladder or equipment (I will not be renting a lift separately). Also need the ceiling box checked/reinforced since the previous fixture fell. Please provide total price.,800,1600,1200,,I'm flexible
e2a5e91a50be,Exterior,Deck / fence cleaning and staining,30315,2026-05,"Porch floor and railing staining/painting, medium size 80–200 sq ft | I'll like to have my shutter painted with this job.",600,1050,825,,Within 1 month
9c3a1022a13f,Exterior,Paving,10309,2026-04,Replace >10 outdoor pavers matching existing,300,700,500,,I'm flexible
55dff9e8f484,Plumbing,Drain cleaning / unclogging,19802,2026-03,Kitchen sink drain unclogging service | Kitchen sink,80,250,165,,I'm flexible
7a0fc5c7060a,Handyman,Picture / mirror hanging,81501,2026-03,Hang supplied curtain rods/hardware for three windows | Curtain hanging,150,240,195,,I'm flexible
f7a13fbd11a5,Electrical,Outlet / switch installation,20707,2026-03,Replace existing GFCI outlet,120,220,170,,As soon as possible
72bb964e3544,Cleaning,"Standard recurring cleaning (weekly, biweekly, monthly)",77004,2026-01,"Biweekly cleaning, 3BR/2BA, 1500 sq ft",108.25,180.41,144.33,131.11,
16d0382287d4,Remodeling,Remodeling,15210,2026-03,Install 4–6 ft high partial wall with smooth finish,400,800,600,,As soon as possible
e91cb79d468c,Appliance Repair,Appliance Repair,12801,2026-03,Electric dryer hookup to existing 4-prong outlet | Dryer does not heat up. Immediate service,120,180,150,,As soon as possible
bd84d98e1bd8,Handyman,Tv Mounting,62521,2026-04,"Mount 56–70"" TV to drywall with accessible studs",250,400,325,,As soon as possible
c027dd7b42f4,Handyman,Handyman,63116,2026-03,Replace one light fixture (standard residential ceiling) | Getting a small pendant light to replace the one that blew yesterday. It's just 1 single hanging pendant light over my sink.,100,275,187.5,,As soon as possible
0fc0fe578480,General Contractor,General Contractor,32065,2026-04,Replace exterior backerboard on a whole wall (>100 sq ft) | One section on side of house,1800,4200,3000,,As soon as possible
e07862314826,Plumbing,Faucet / fixture installation,45229,2026-04,Kitchen sink faucet diagnosis and repair (you supply faucet),120,300,210,,I'm flexible
1f329cb02948,Painting,Interior painting,32808,2026-04,Small bedroom walls painting (≤10x10),220,420,320,,As soon as possible
12077533594a,Handyman,Handyman,75165,2026-03,Repair small visible household pipe leak | Need pipe connected to the vent pipe underneath the house on a pier and beam,150,450,300,,As soon as possible
85f018871cac,Roofing,Roofing,28147,2026-04,Kool Seal application on small metal roof (we supply materials) | Need my roof Kool seal,900,1500,1200,,As soon as possible
1f82c684af8b,Moving,Residential Moving,32819,2026-01,"Load and unload 16-ft rental truck, local",234.64,469.28,351.96,304.58,Within 1 month
a9feb4e42c25,Electrical,Outlet / switch installation,6514,2026-03,Install one standard duplex outlet (we supply materials) | I am looking to install an outlet to mount my TV on the wall,140,280,210,,As soon as possible
5fa75ee2c538,Painting,Interior painting,33071,2026-04,Repaint steel/iron residential mailbox (we supply paint) | Mail box peeling,80,180,130,188,As soon as possible
6d2d7450bcc1,Handyman,Door repair / installation,43447,2026-05,Install one exterior prehung door with storm and threshold,650,950,800,,I'm flexible
e4a01106d28d,Exterior,Paving,97220,2026-03,Pour 64 cu ft (2.5 yd³) patio and walkway; homeowner supplies concrete | 5x12 patio and 3'x 16 walkway. Forming and reinforcement wire already completed.,400,900,650,,Within 1-2 weeks
79c56d57697d,Chimney,Chimney,77084,2026-03,Install homeowner-supplied fireplace hood/deflector | Metal hood.,250,650,450,,Within 1-2 weeks
f9cd07ab4047,Painting,Interior painting,36607,2026-05,Whole-house interior trim painting (300+ ft) | Just need work done,800,1600,1200,,As soon as possible
fcca49b31f72,Moving,Residential Moving,7042,2025-09,"Studio apartment move, same building different floor",158.09,316.17,237.13,238.44,Within 1 week
530d7b94c62e,Moving,Residential Moving,76092,2026-04,"Studio apartment move, same building different floor",142.39,284.79,213.59,199.21,Flexible
b42debe01f11,Handyman,Handyman,47546,2026-04,"Install ceiling fan, assemble/move furniture, replace door and small repairs | Put in ceiling fan before 5/20/26 Get out & put away holiday decorations Do small repairs.",420,920,670,,Within 1-2 weeks
2e8dc7a001a1,Landscaping,Lawn mowing / maintenance,30101,2026-03,"Mow, edge, and blow for 1/8–1/4 acre yard | Lawn service",45,65,55,,As soon as possible
e43aee96619b,Flooring,Flooring,37128,2026-03,Self-leveling underlayment for 24 sq ft concrete bathroom | Need someone to lay self leveling underlayment in our bath. Concrete floor. About 24 sq. Ft,220,440,330,,As soon as possible
c39cb2c540b6,Handyman,Handyman,28786,2026-03,Digging 11–20 shrub planting holes | Clay dirt to dig,220,420,320,,I'm flexible
abb29e3b1f19,Flooring,Flooring,27704,2026-03,Repair 1–3 hardwood boards (localized replacement) | Repair flooring under kitchen sinkTues afternoon Wednesday,200,450,325,,As soon as possible
0e8b0de5cc47,Appliance Repair,Appliance Repair,77027,2025-06,"Repair fridge not cooling, check compressor",150.24,350.57,250.41,264.15,Within 2 weeks
1f6ebd8f0036,Handyman,Furniture Assembly,7059,2026-04,Assemble one medium furniture item (ZIP 07059) | It’s an adjustable bed that needs to go on a bed frame that’s already assembled. It’s heavy. May need 2 people. Then move mattress from one bedroom to another. Should not take long.,90,140,115,,As soon as possible
31552e25b8d7,Handyman,Furniture Assembly,27103,2026-04,Assembly of one large furniture item | Metal Cabinet that needs to be put together.,120,180,150,,As soon as possible
4b06b9094858,Flooring,Flooring,18302,2026-04,"Paint, small floor patch, replace risers/nosing, stained hardwood treads (11–14) | Paonting,small amount of wood flooring, new stair materials",4800,7000,5900,,As soon as possible
6592e596d7db,Appliance Repair,Appliance Repair,10312,2026-03,Install supplied dishwasher (unit provided) | Install dishwasher,150,300,225,,As soon as possible
29938b66ee9c,Roofing,Roofing,14080,2026-03,Metal roof repair on pole barn (materials supplied),1200,4000,2600,,As soon as possible
3011be4c1d6f,Plumbing,Toilet repair / installation,85248,2026-03,Repair running toilet (you supply parts),85,175,130,,Within 1-2 weeks
a78d7dfbce12,Landscaping,Hedge trimming,33139,2026-01,"Trim 60 linear ft of boxwood hedge, haul debris",110.52,230.26,170.39,160.9,
97f72eb0197b,Handyman,Handyman,95126,2026-03,Diagnose single-device electrical fault | Doorbell doesn’t work. I think it’s the transformer or fuse. Doorbell button and chime mechanism were replaced in July.,120,220,170,,As soon as possible
fd309e77693e,Plumbing,Plumbing,63353,2026-04,Supply and install backflow preventer on mainline,900,1800,1350,,As soon as possible
e68259a977d8,Handyman,Handyman,29720,2026-04,"Repair recliner stabilization bar on leather recliner | Repair a recliner,,stabilize bar broke,on a leather",120,300,210,,As soon as possible
61f4a24677e0,Handyman,Handyman,47303,2026-03,Exterior door repair or replacement for one door,300,1200,750,,As soon as possible
5c14031abafc,Appliance Repair,Appliance Repair,60610,2026-05,"Ice maker not working, replace water inlet valve",85.28,213.2,149.24,152.39,Within 1 week
81551c065e76,Cleaning,"Soft washing (siding, roofs, stucco)",32127,2025-09,"Soft wash roof and gutters, single story",244.24,488.49,366.37,387.88,
5492ab4af482,Painting,House Painter,24219,2026-03,Painting interior walls in 2–3 rooms (ZIP 24219) | Walls and ceilings in 4 average size rooms. 1 very small.,650,1850,1250,,I'm flexible
d947226be629,Handyman,Drywall repair / patching,45415,2026-04,Small drywall finish and ure match (patch under 4 sq ft),150,300,225,,Within 1-2 weeks
28f3e6542bac,Cleaning,Deep cleaning,76117,2026-02,"Spring deep clean, 4BR/3BA, baseboards and blinds",236.78,426.21,331.5,300.64,Within 1 week
ee0015c94a62,Electrical,Electrician,6611,2026-04,"Minor electrical troubleshooting/repair in 06611 | Electric bat is not functioning and I believe it's very minor, but I'm not sure and I need somebody knowledgeable to look at it",120,240,180,,As soon as possible
419c7883627b,Moving,Junk Removal,32256,2026-03,"Full garage cleanout, estimated 2 truckloads",360.19,720.37,540.28,532.59,
627a3cc348cc,Painting,House Painter,86442,2026-04,Fascia painting/staining on one eave at 10–20 ft | paint facia,300,450,375,,As soon as possible
01f8667f50d5,Handyman,Furniture Assembly,65650,2026-04,Assemble one ready-to-assemble cabinet and unload trailer upstairs | Both things should take 1 day,180,260,220,,As soon as possible
7c704ac6d22a,Electrical,Ceiling fan installation,31907,2026-03,Kitchen ceiling fan installation with supplied fan | I have a light in my kitchen. I need it removed and put a ceiling fan up there.,220,420,320,,As soon as possible
f3d024eaab13,Roofing,Gutter cleaning,33458,2025-09,"Clean gutters and install leaf guards, single story",171.69,343.38,257.53,274.76,Flexible
3517a0cd78de,Painting,Interior painting,77078,2026-03,Paint 6–10 interior doors and exterior door(s) with hardware left in place,350,650,500,,Within 1-2 weeks
81e649b6fcfd,Handyman,Handyman,19901,2026-03,"Hang 3–6 pictures and install 2–3 standard light fixtures | 3 light fixtures installed. 2 glass panel pictures, 1 metal picture 4 panel picture",260,560,410,,As soon as possible
a69a7896a1cb,Exterior,Deck / fence cleaning and staining,60189,2026-03,Paint small backyard wood deck (materials supplied) | Small wooden deck in front of glass patio double door and a short stairwell.,300,750,525,,Within 1 month
8a5f0afcff31,Flooring,Flooring,43608,2026-05,Carpet install in 30x15 basement (you supply carpet+pad) | Basement floor cleaned and ready also steps,450,900,675,,As soon as possible
9ab895dfe43b,HVAC,AC installation / replacement,76137,2025-11,"Install 3-ton split AC, 1500 sq ft home",3584.62,6145.06,4864.84,5305.5,Within 1 month
cf830153793c,Handyman,Handyman,61032,2026-04,Remove ADT alarm control panel (leave with homeowner),80,120,100,,As soon as possible
a69b8b1151fd,Handyman,Handyman,66205,2026-03,Install keyless door lock; bolt safe; replace garage plaster ceiling | Soon,650,2200,1425,,As soon as possible
747edaa66dec,Handyman,Handyman,85295,2026-04,"Inspect and repair bathroom/garage leak, drywall patching, and painting | Insurance denied claim, water damage.",1700,3600,2650,,Within 1-2 weeks
112a779faa0d,Roofing,Roofing,26101,2026-04,Small concrete roof repair (materials supplied),250,500,375,,I'm flexible
2a891a20f59a,Painting,Interior painting,32712,2026-04,Kitchen walls painting (owner-supplied paint),250,450,350,,Within 1-2 weeks
231c10e69d17,Painting,House Painter,14043,2026-03,Kitchen walls painting with homeowner-supplied paint,300,700,500,,Within 1 month
a4d21738de83,Moving,Residential Moving,30309,2025-08,"Local move, 2BR apartment, 15-min drive",341.53,683.06,512.29,498.7,
856aca9a7224,Handyman,Handyman,28412,2026-03,"Two-story house siding pressure wash, ZIP 28412 | Looking to have this done soon",250,600,425,,Within 1-2 weeks
5d10801e95a0,Painting,Interior painting,6360,2026-03,"Paint kitchen and dining room walls, two coats (you supply paint) | Will need to be comfortable painting into corners but no trim, cabinets, etc",400,700,550,,As soon as possible
0920e5e9bc02,Handyman,Furniture Assembly,29223,2026-04,Assemble 3+ mixed flat-pack furniture items | 1 couch and 1 loveseat and 2 chairs from wayfair,200,450,325,,As soon as possible
d781b0a14cf4,Moving,Packing and Unpacking Services,76137,2025-09,Pack kitchen and living room for 3BR move,221.01,442.01,331.51,364.18,Within 1 month
9e0420315282,Roofing,Roofing,30294,2026-04,Repair leaking roof vent with supplied parts | My roof vent need resealed,250,650,450,,As soon as possible
c6721d0f62d0,Landscaping,Leaf cleanup / yard debris removal,33411,2026-01,"Fall leaf cleanup, 1/3 acre, bag and haul",132.73,265.46,199.09,172,Flexible
8813ec7c7912,Electrical,Electrician,60422,2026-03,Inspection and possible main breaker replacement for older panel,350,900,625,,As soon as possible
d20da8dc1ed5,Plumbing,Toilet repair / installation,15062,2026-04,Install homeowner-supplied toilet in ZIP 15062 | Old toilet is out new one is sitting there,180,400,290,,Within 1 month
03c3ee4bc24a,Painting,House Painter,21220,2026-03,Painting or staining trim in 2–3 rooms (~100–250 ft),350,900,625,,I'm flexible
fd26a5c9a5ff,HVAC,AC repair,32216,2025-06,Replace blower motor on indoor air handler,242.46,484.91,363.69,317.53,Within 2 weeks
754d9f8cf05b,Plumbing,Plumbing,35750,2026-03,Bathroom sink repair (minor),120,280,200,,I'm flexible
c1a30a81ad5a,Electrical,Light fixture installation,43232,2026-04,"Supply and install outdoor light fixture (single) | Need a handyman for painting, fixtures in the kitchen and other things",220,420,320,,Within 1-2 weeks
53d01535e87a,Pest Control,Seasonal program / recurring treatment,77027,2026-03,"Annual pest prevention, quarterly visits",284.01,568.02,426.01,366.9,Within 1 month
80519d785465,Roofing,Roofing,33101,2025-08,Emergency tarp and temp seal for storm damage,226.52,566.29,396.4,350.35,Flexible
5820260936ca,Handyman,Door repair / installation,75119,2026-03,"Adjust closet door or hardware (tracks, hinges, rollers) | Racks to hang clothes are falling",75,180,127.5,,As soon as possible
65df7a55f2ef,Handyman,General repairs,44139,2026-04,Replace several vinyl siding panels on garage side | 2 panels and drip edge damaged,950,1700,1325,,I'm flexible
251162b16155,Electrical,Light fixture installation,48182,2026-03,Install supplied ceiling light fixture in ZIP 48182,120,220,170,,Within 1-2 weeks
e420ff479117,Appliance Repair,Appliance Repair,28034,2026-03,Replace or repair two stove/range surface elements,120,260,190,,I'm flexible
fbc2df761a47,Painting,Interior painting,11798,2026-03,Bedroom walls painting project,250,450,350,,Within 1-2 weeks
5f595938b3b9,Pest Control,"Wildlife removal (raccoons, squirrels, etc.)",7874,2026-04,Chimney animal removal plus chimney cap installation | Squirrel stuck in chimney,350,950,650,,As soon as possible
1076c5957d3e,Electrical,Ceiling fan installation,49224,2026-03,Install supplied ceiling fan (single),150,300,225,,Within 1 month
188ee5431101,Plumbing,Toilet repair / installation,30064,2026-04,Install user-supplied tall toilet and replace showerhead | First of all this tool sucks. I made an attempt to answer the question as to will I supply toilet and shower head as not sure yet and it forced me to add an answer that is not true . IT will depend on proce,250,450,350,,Within 1-2 weeks
d8fe6b9b76a0,Handyman,Door repair / installation,65619,2026-04,Install two interior prehung doors (you supply doors) | Install closet door only,420,900,660,,As soon as possible
004c5505872f,Remodeling,Bathroom Remodeling,75201,2026-05,Replace two 4'x4' tiled showers and repair downstairs drywall | 2 showers installed incorrectly and leaking. Ceiling below has water damage and needs to be repaired.,3800,7600,5700,,As soon as possible
2dc585881693,Plumbing,Faucet / fixture installation,63033,2026-05,Install supplied bathroom vanity and sink; connect drain and P‑trap,350,650,500,,I'm flexible
0a729a9062c5,Appliance Repair,Appliance Repair,40258,2026-04,Top-load washer 'dl' code — labor-only diagnostic and repair,90,220,155,,As soon as possible
b3ce9f4027b8,Electrical,Light fixture installation,63366,2026-04,Install supplied surface-mounted shower ceiling light | The light in my shower is not working,100,200,150,,As soon as possible
25a9381b133c,Landscaping,Tree trimming / removal,7070,2025-10,"Remove dead 40-ft pine, stump grind, haul",836.88,1882.99,1359.93,1408.46,
e23257cbba69,HVAC,Heating installation / replacement,33511,2025-12,Install 80k BTU gas furnace,2481.46,4466.63,3474.05,3523.48,
a7c24c0bcfee,Plumbing,Toilet repair / installation,44120,2026-04,Replace Fluidmaster toilet fill valve (you supply valve),100,150,125,,Within 1-2 weeks
356d93f4db4e,Exterior,Deck / fence cleaning and staining,35759,2026-05,Staining exterior deck railings over 100 ft in good condition | You can buy the stain or I will buy the thing whichever is best or you can pick it out and I will pay for it,400,700,550,,Within 1 month
8e026249d6e1,Handyman,Tv Mounting,31535,2026-04,"Mount 66–75"" TV on standard drywall with studs",250,450,350,,As soon as possible
3c2d5b95c74e,Landscaping,Mulching,32750,2025-09,Spread 5 cubic yards of mulch in front beds,152.08,304.16,228.12,237.32,Within 1 month
ec9b8e7a0da6,Electrical,Ceiling fan installation,38018,2026-03,Install ceiling fan to existing fan-rated box | Replacing ceiling fan not sure if it’s the fan itself or electrical issue,120,250,185,,Within 1-2 weeks
526c34f80d9f,Handyman,Handyman,71346,2026-04,Assemble/install owner-supplied 10'x10'–12'x12' metal shed on gravel pad | A mother said I purchased off with Amazon needed installed at my home foundation already set up,650,900,775,,Within 1-2 weeks
0a8c5e4aa487,Handyman,Door repair / installation,93612,2026-04,Repair front exterior door frame and install heavy-duty hinges,400,900,650,,As soon as possible
3522b2bbc051,Landscaping,Tree trimming / removal,32127,2025-09,Trim two 30-ft oaks overhanging roof,273.55,638.28,455.91,383.13,Flexible
b1696e9ea0a5,Handyman,Tv Mounting,75762,2026-03,"Mount 32–49"" TV on wall | I have a new smart TV. I need it installed hook up to my Optimum cable box hook up one power bar and set up apps and connection to view cable channels and streaming I have already signed up to Paramount+ need to make sure that’s working, etc. etc. I’m disabled and cannot do it myself. Please help.",120,225,172.5,,As soon as possible
7207683d060b,Remodeling,Remodeling,63126,2026-03,8–12 ft wide media wall build with carpentry and drywall | I will need a TV mount and media wall. I have a good idea of what I want.,1800,3500,2650,,Within 1 month
baf61a035cd0,Handyman,Handyman,2816,2026-04,Lift dryer onto washer using supplied stacking kit | I need to have my dryer lifted onto washer,80,150,115,,As soon as possible
2740f81654ac,Handyman,Handyman,48840,2026-04,"Multiple small handyman tasks at single house (7+ items), easy access | There is no rush but I just want to get started before summer.",950,1900,1425,,I'm flexible
95af88b45680,Painting,Interior painting,21207,2026-04,Paint 4 exterior vinyl window shutters (materials supplied),80,160,120,,As soon as possible
42b1b4115810,Moving,Residential Moving,32258,2025-12,Move large safe from garage to 2nd floor,224.88,562.21,393.55,403.37,Within 2 weeks
27eee8b40fb9,Painting,Interior painting,56073,2026-04,"Paint wood front door and immediate entry trim | I need the trim on my front door painted. The trim is 20"" on each side of the door and has three windows on each side,",120,260,190,,Within 1 month
6fe79ab1802c,Electrical,Outlet / switch installation,3102,2026-03,Replace one standard electrical outlet (you supply device) | Need gfci outlets installed. Have old outlets out.,90,140,115,,As soon as possible
c2c358e9dd15,Flooring,Flooring,19567,2026-03,"Paint living room walls and install mid-range laminate (150–250 sq ft) | Water damage from the washer. Need replacement flooring and wall painting, also some tiles need replacing",1700,2500,2100,,Within 1 month
ac107bbb4738,Cleaning,"Pressure washing (driveways, sidewalks, patios)",7052,2025-11,"Pressure wash driveway and walkway, 800 sq ft",144.73,289.46,217.09,211.99,Within 1 week
279eaa5879b9,HVAC,AC repair,30312,2025-07,"Fix frozen evaporator coil, check airflow and filter",117.21,273.5,195.35,170.95,Within 1 week
b96f5620fcbf,Appliance Repair,Appliance Repair,77027,2025-10,"Oven not reaching temp, replace ignitor",105.11,218.98,162.04,151.39,Within 2 weeks
25bbeb94bf57,Cleaning,Move-in / move-out cleaning,76117,2025-08,"Move-out clean, 2BR apartment, oven and fridge",187.48,328.08,257.78,211.02,Within 1 week
f9c20a138d37,Moving,Residential Moving,85032,2026-05,Move large safe from garage to 2nd floor,227.02,567.54,397.28,369.83,Flexible
67159986a69b,Landscaping,Leaf cleanup / yard debris removal,32907,2026-04,Remove sod and 3–5 small bushes; haul away | Remove sod and bushes from front lawn,850,1200,1025,,Within 1 month
0c4ac4431905,Handyman,Handyman,48150,2026-03,Load one piece of furniture from store into your vehicle | I’m buying a cabinet and the second hand store owner can’t help me load and I’m going to be alone with full size suv. The cabinet is 38 x 21 x 72”. It weighs about 170 pounds. I will have two furniture dollies. I need two hand to help me slide into suv.,40,90,65,,Within 1-2 weeks
097f274cf69e,Painting,House Painter,71291,2026-03,Medium deck/porch staining or painting (150–300 sq ft) | Floor needs painting wall ceiling maybe steps front and back and screendoor,500,1100,800,,Within 1-2 weeks
f26c02155dfc,Landscaping,Mulching,7076,2026-02,Spread 5 cubic yards of mulch in front beds,169.52,339.04,254.28,268.62,Within 1 month
895bd4a53771,Flooring,Flooring,33316,2026-03,Repair 10 sq ft of water-damaged laminate,149.69,299.38,224.53,209.86,Within 2 weeks
0a29216969e8,Appliance Repair,Appliance Repair,33511,2025-06,Diagnose washing machine not draining,110.8,230.84,170.82,181.19,Within 2 weeks
a416fca77880,Painting,Interior painting,10008,2026-03,Bedroom walls painting project | For project details and pictures.,250,450,350,,Within 1-2 weeks
a1a9a25355e5,Handyman,Door repair / installation,32601,2026-04,Replace interior door slab into good frame,150,300,225,,Within 1-2 weeks
bff039ee06ba,Landscaping,Lawn mowing / maintenance,76048,2026-04,Monthly weeding for whole yard beds (~200+ linear ft) | Weed flower beds,180,360,270,,Within 1-2 weeks
067eb10bda23,Handyman,Handyman,29566,2026-03,Install supplied toilet and faucet; replace hanging light; fix blind cabinet; replace 4 hinges | Add pull out to blind corner cabinet,450,850,650,,Within 1-2 weeks
103330f9cca6,Handyman,Furniture Assembly,10451,2026-03,Assembly of 2 delivered furniture pieces,100,160,130,,As soon as possible
313338607707,Painting,House Painter,33981,2026-03,Refinish 7–10 wrought-iron furniture pieces | re finish b lack wrought iron frames for furniture,700,1800,1250,,As soon as possible
63adeada6605,Handyman,Door repair / installation,6492,2026-05,Install supplied prehung exterior door | Repair misaligned door and install a new storm door.,400,900,650,,I'm flexible
ebafcf01f985,Handyman,Furniture Assembly,23669,2026-03,"Assembly of one standard flat-pack furniture item | Closet Armoire, 6 doors",80,120,100,,As soon as possible
bcd5b886c246,Pest Control,Seasonal program / recurring treatment,85008,2025-08,"Annual pest prevention, quarterly visits",272.33,544.67,408.5,334,Flexible
38b3642ecec1,HVAC,AC repair,92530,2026-03,"On-site AC diagnostic visit (5–10 year old unit, outdoor unit accessible) | Condenser",90,150,120,,Within 1-2 weeks
6468e2292180,Roofing,Roofing,8701,2026-04,"Caulk PVC roof vents and spray zinc on 4'x8"" galvanized chimney stack | One story ranch - basiy new roof just preventative maintenance.. seal 4 PVC vents at boot base and zinc spray galvanized stack. I have the materials and would like this done within 2-3 weeks",200,350,275,,Within 1 month
cc53fd82eb6b,Handyman,Handyman,21401,2026-03,Custom pull-out campervan bed build | I will send you photos but I have an existing pull out bed. But the wood platform is currently hinged. I would like it replaced with slats.,900,1800,1350,,As soon as possible
725e32f5b5c2,Moving,Residential Moving,7032,2025-10,Move large safe from garage to 2nd floor,199.32,498.3,348.81,290.59,Within 2 weeks
869561ecab75,Roofing,Gutter cleaning,33309,2025-10,"Clean gutters and downspouts, 2-story, 150 linear ft",88.62,177.24,132.93,123.81,Within 1 week
461463fb54c2,Plumbing,Plumbing,68104,2026-03,Secure/tie-off existing faucet connection,85,160,122.5,,As soon as possible
29c10fe6eae3,Landscaping,Garden bed design / planting,60617,2026-03,"Create one large garden bed and new edging around two trees | Large bed jas rubber edging that has come up, may need to be replaced",350,1500,925,,I'm flexible
e6ded773c1c2,Handyman,Door repair / installation,85747,2026-04,Front entry door gap repair (we supply parts) | There is a big gap along the side of the door an on the trash hold. Need both fixed.,250,500,375,265,As soon as possible
3be426e88ba6,Landscaping,Mulching,75154,2026-04,Install homeowner-supplied mulch and flowers under 200 sq ft | Hang a mirror and curtains,150,300,225,,As soon as possible
b5bf10f0b7d2,Handyman,Tv Mounting,97501,2026-03,"Mount 50–65"" TV on typical wall",175,350,262.5,,As soon as possible
002abd21b8e9,General Contractor,General Contractor,48307,2026-04,Replace 6–12 ft exterior fireplace wood framing with supplied materials | The wood was destroyed/chewed by raccoon at three different places. Need to replace.,2600,4800,3700,,Within 1-2 weeks
cc80e5682a1d,Plumbing,Drain cleaning / unclogging,56089,2026-03,Sewage backup and all drains clogged in double-wide mobile home | Emergency situation,500,2000,1250,,As soon as possible
7385e90f8a18,Roofing,Roofing,7081,2026-03,Medium roof patch several square feet | The wind blow some shingles. Needs repair,650,1300,975,,As soon as possible
1f4c90a452f1,Plumbing,Leak repair,48413,2026-05,Repair a leaking single faucet (parts supplied) | Outdoor faucet leaking,150,320,235,,As soon as possible
f78b07004e55,Appliance Repair,Appliance Repair,77042,2026-02,"Install over-the-range microwave, vent existing",162.55,325.11,243.83,254.93,Flexible
41cf091084d6,Painting,Interior painting,39426,2026-03,"Paint two rooms, touch-up doors, assemble 5–7 pieces, small repairs | Dining room painting, guest bedroom painting, 2 outside doors touched up and possibly front door painted.",650,1150,900,,As soon as possible
d604696d6ff7,HVAC,Seasonal tune-up / maintenance,46815,2026-03,Replace filters in two ceiling HVAC units | 2 ceiling units in small apartment need filters changed out and lightly cleaned around the unit. I will supply filters and cleaning supplies but will need to bring ladder. Must be ok with taking shoes off upon entering and washing hands before putting in new filter. I am kind of anal about things due to allergies.,80,140,110,,As soon as possible
16251c20d0ef,Landscaping,Lawn mowing / maintenance,93065,2026-04,Mow small lawn under 1/8 acre with edging and blow-off | Cut the lawn,50,75,62.5,,As soon as possible
9e3185c10091,Painting,Interior painting,73013,2026-03,"Paint living room ceiling and walls, 300–500 sq ft, homeowner supplies paint",650,1050,850,,I'm flexible
0d9fb18c9aa3,Painting,House Painter,46902,2026-03,Medium deck or porch staining or exterior painting | Sealer with a tent,600,1200,900,,I'm flexible
023bb9717cad,Handyman,Handyman,46360,2026-03,"Install two pre-hung doors, mount shelves, attach couch legs | Would like the repairs to be completed asap",260,560,410,,As soon as possible
38cb8e3d07ad,Landscaping,Tree trimming / removal,85048,2025-08,"Remove dead 40-ft pine, stump grind, haul",746.04,1678.58,1212.31,1192.13,Flexible
7b721c50ff02,Handyman,General repairs,48042,2026-03,Onsite sauna inspection for medium (3–4 person) sauna | Current boards have come unglued and bubbling up.,150,300,225,,As soon as possible
98ee81c41d70,Electrical,Light fixture installation,46703,2026-03,Replace 4 closet tube lights with simple standard fixtures,420,760,590,,I'm flexible
08954bc816e5,Pest Control,Rodents (mice / rats),7070,2025-10,"Mouse exclusion and trapping, seal garage entry points",229.26,458.52,343.89,320.87,Flexible
7f0d36d4dede,HVAC,Air Duct Cleaning,32207,2026-01,"Full duct cleaning, 8-vent single story home",246.15,492.29,369.22,347.3,
48fb307e0ee9,Handyman,Handyman,60827,2026-03,Install 2 supplied window screens; rake leaves; clean gutters | No additional details,150,300,225,,As soon as possible
fba075b9d90e,Handyman,Drywall repair / patching,22309,2026-04,Repair cracked/peeling drywall (small area) | I'm looking for an on handyman,120,180,150,,I'm flexible
42f168c63b8d,Plumbing,Toilet repair / installation,48062,2026-03,Running toilet repair with homeowner-supplied parts | Need my current toilet replace. I already purchase new one,120,180,150,,I'm flexible
0efb4e0fb40a,Handyman,Deck repair,6513,2026-04,Replace 3–4 rotten front step treads with recommended materials,700,1400,1050,,Within 1 month
0c957eac7ed9,Plumbing,Toilet repair / installation,37217,2026-05,Replace toilet flapper on 1-piece toilet,90,180,135,,Within 1-2 weeks
b902936750d5,Handyman,Handyman,30083,2026-03,"Residential window repair (single window) | 1 -Toilet leak, 15-door knobs change, 2-door instalation",120,650,385,,As soon as possible
24ffe36e5b0b,HVAC,Heating installation / replacement,32701,2026-02,Install 80k BTU gas furnace,2325.23,4185.42,3255.32,3661.46,Within 2 weeks
cd4dc3be2592,Electrical,Ceiling fan installation,32333,2026-03,Install two homeowner‑supplied ceiling fans,200,420,310,,As soon as possible
30afd706f8e0,Exterior,Paving,15136,2026-05,"Replace one concrete sidewalk pad ~40×34×4 inches, all materials and labor supplied | Already stated the project.",350,650,500,,Within 1-2 weeks
5c0093474e04,HVAC,Seasonal tune-up / maintenance,30312,2025-09,Pre-winter furnace inspection and filter change,77.63,145.55,111.59,89.9,Flexible
709de818a575,Remodeling,Remodeling,89523,2026-04,"Trim 0.5"" off full-slab granite countertop to fit stovetop | Lowes is installing gas stovetop once opening is enlarged to fit replacement stove top",200,400,300,,Within 1-2 weeks
06b9fe7fa146,Remodeling,Remodeling,28467,2026-03,Home modifications and upgrades (general) | I need a permanent roof built over my existing patio must match my house with gable and shingles,500,7500,4000,,I'm flexible
4fe7e6f1705d,Flooring,Flooring,72801,2026-04,Install supplied vinyl plank flooring in 100–200 sq ft kitchen | Replace damaged planks in front of stove.,600,900,750,411.44,I'm flexible
ef60277e7dff,Handyman,Handyman,28278,2026-05,Re-secure one loose gutter end at ZIP 28278,80,220,150,,Within 1-2 weeks
4315201c26dc,Handyman,Handyman,76502,2026-03,Re-secure loose wooden bed rail using supplied hardware | Wooden bed has rail that has come loose. I can’t lift it by myself need help,65,150,107.5,,As soon as possible
81ef440003f4,Landscaping,Smart controller / timer install,32569,2026-04,"Diagnostic, repair or replace Rain Bird timer with basic controller supplied | I need an electric Rain Bird sprinkler system timer repair or replaced",225,550,387.5,,As soon as possible
0364c0e99a36,Handyman,Handyman,33063,2026-05,"Reconnect jalousie linkages, replace 2 toilet tank kits, replace faucet cartridge | I need my jalousie linkages reconnected, replace 2 toilet tank kits; and replace kitchen faucet cartridge/seals",350,900,625,,Within 1-2 weeks
f580428217dc,Electrical,Electrician,31210,2026-03,Replace 4–6 switches plus 4–6 vents and fans,500,2000,1250,,I'm flexible
8a1a476bf28e,Landscaping,Lawn mowing / maintenance,95603,2026-05,Onsite inspection plus hand-weeding 0.25–0.5 acre pasture | My pasture is out of control if some can give a quote even if I got the worst area done,300,560,430,,Within 1 month
f443a4be8be4,Handyman,Handyman,85365,2026-04,We supply and install washer/dryer combo and haul listed items | I have the instillation kit that can with the washer and dryer but Lowe’s 3rd party installer refused to install because the kit didn’t include new hoses.,800,1400,1100,,As soon as possible
575247f7b834,General Contractor,General Contractor,33176,2026-04,"Kitchen: remove/install small tile backsplash, install 5+ light fixtures, paint",2400,3400,2900,,As soon as possible
da4da809fe2b,Handyman,Handyman,76123,2026-03,Hang one interior door with provider-supplied door,240,420,330,,As soon as possible
0193d52e5b14,Plumbing,Faucet / fixture installation,27707,2026-04,Replace two supplied showerheads (ZIP 27707),120,220,170,165,As soon as possible
f27a6c4a43c8,Remodeling,Remodeling,75159,2026-04,"Framed partition, drywall, finish, and supply/install 36"" door | as soon as you walk into the front door there is a flex room, needs to be closed off with door or framed out and door put on",2200,4200,3200,,I'm flexible
2bc164b383ec,Handyman,Handyman,27513,2026-03,Tighten 2 cabinet hinges; rescreen hinged patio door; diagnose low-pressure sink,260,720,490,,As soon as possible
93bad48c1cec,Exterior,Deck / fence cleaning and staining,33897,2026-03,Medium deck or fence staining/painting (150–350 sq ft) | We need the deck and 2 platforms pressure washed sanded restained ad sealed,450,1200,825,,As soon as possible
d74c216d2abf,Electrical,Light fixture installation,77469,2026-04,Diagnose and repair one flickering interior light fixture,120,240,180,,Within 1-2 weeks
8e54c1a1f0c1,Plumbing,Faucet / fixture installation,85365,2026-03,Install supplied kitchen faucet (standard drop-in or single-hole),120,220,170,,As soon as possible
1d87b9e88ee8,Electrical,Outlet / switch installation,48021,2026-05,Install one new interior standard electrical outlet (we supply parts) | Two kitchen reset not working and a wall switch is broken and light in kitchen not working,170,340,255,,I'm flexible
7e497af4e7da,Roofing,Roofing,33060,2025-08,"Full roof replacement 1500 sq ft ranch, asphalt shingles",4785.24,8613.43,6699.34,7016.18,Within 1 week
479ef404e9ca,Plumbing,Drain cleaning / unclogging,15301,2026-03,Clear clogs in bathtub and two sinks (easily reachable),200,450,325,,As soon as possible
b5d1f1b6d16f,Moving,Residential Moving,10029,2026-01,"Studio apartment move, same building different floor",158.18,316.35,237.27,230.42,Within 1 week
be180d34dddf,Roofing,Roofing,43613,2026-03,Reinstall 10 aluminum soffit panels supplied by homeowner | 2nd story overhang.,200,450,325,,Within 1-2 weeks
eb982d2b777a,Flooring,Flooring,48191,2026-04,Install ceramic floor tile in a 5x5 bathroom | You need to tear up the old tile put up baseboard take the toilet off,300,650,475,,As soon as possible
221da9692579,Appliance Repair,Appliance Repair,7013,2025-06,Fix dishwasher leaking from door seal,96.16,192.31,144.24,155.04,Flexible
1f117ea9f26c,Appliance Repair,Appliance Repair,32127,2025-08,"Repair fridge not cooling, check compressor",136.73,319.05,227.89,271.93,Within 1 week
e1d07bb09232,Pest Control,"Wildlife removal (raccoons, squirrels, etc.)",53216,2026-03,Squirrel removal and attic exclusion | Squirrel holds outside the top of the house,350,900,625,,As soon as possible
a59be0418c6d,Electrical,Electrician,63136,2026-03,Replace a standard electrical outlet | I have 2 prong outlets and would like to get gcfi outlets,75,200,137.5,,I'm flexible
7e69b13d445e,Remodeling,Remodeling,29201,2026-03,Screen porch and outdoor ceiling fan installation | 1. Fan installation outside on front porch. Wire for fan exist. 2. Screened in porch . Need screen installed,300,1200,750,,I'm flexible
cdf127f8110c,Landscaping,Lawn mowing / maintenance,7108,2025-07,One-time mow of overgrown 1/3 acre lot,109.32,218.63,163.97,189.35,Within 1 month
bb9d66043f7c,Plumbing,Toilet repair / installation,32824,2026-04,Install homeowner-supplied toilet and flange | Just need a quote,250,450,350,,As soon as possible
fdba2719a972,Painting,House Painter,40965,2026-03,Repair/replace and paint all interior/exterior trim areas | Need outside corner trim replace. New trim add on existing porch and deck.,600,1500,1050,,As soon as possible
ba0c479ffa28,Handyman,Handyman,34797,2026-03,1–2 ft drywall patch with minor carpentry finish,180,420,300,,As soon as possible
67bf76baa415,Painting,Interior painting,11222,2026-04,Bedroom walls painting project | Looking to Fix minor holes in the whale (From prior art hanging) and paint a 12 x 12 bedroom.,250,450,350,,I'm flexible
225e15bcc17f,Painting,Interior painting,33578,2026-04,"Paint walls, trim, and doors in 4–5 interior rooms",1900,3200,2550,,As soon as possible
e37d4b8af9e7,Handyman,Door repair / installation,33947,2026-03,Adjust/replace door hardware using homeowner-supplied hardware | We need new rollers on three pocket doos,75,200,137.5,,As soon as possible
7f5951d4c711,Landscaping,Tree trimming / removal,7079,2025-09,"Remove dead 40-ft pine, stump grind, haul",884.33,1989.74,1437.04,1498.83,Within 2 weeks
0fbc82708360,Pest Control,Rodents (mice / rats),33155,2025-06,"Rat removal and attic cleanup, bait stations",320.18,640.36,480.27,530.42,Within 1 week
213f367b1af0,Handyman,Door repair / installation,21223,2026-03,Install homeowner-supplied interior door slab and hardware | Three interior doors to ne replaced with self closing hinges,250,450,350,,As soon as possible
bd7997353a3a,Appliance Repair,Appliance Repair,92870,2026-03,Kenmore refrigerator leak from stuck water filter; includes supply and install | Take out the old filter. Replace the new one. Connect the water supply. To be sure no leaking occurs,150,300,225,,I'm flexible
cacbfe2218b2,Electrical,Light fixture installation,76063,2026-04,Install supplied interior lights and hardwired exterior floods | That’s it!,480,760,620,,As soon as possible
1b070f32e667,Handyman,Handyman,64156,2026-04,"Replace 3–5 window screens, furniture repair, repair faucet and toilet | ASAP.",550,1200,875,,As soon as possible
9151e5d13d55,Moving,Residential Moving,75150,2025-12,"Studio apartment move, same building different floor",133.75,267.5,200.62,179.29,Within 1 month
c3f2b5c9a97f,Moving,Residential Moving,60640,2026-04,Move large safe from garage to 2nd floor,186.27,465.66,325.97,381.27,Within 1 month
5393f44a4c0c,Landscaping,Seeding / overseeding,28303,2026-03,"Seed lawn ground preparation for 500–1,000 sq ft | I will be placing ground cover and grass",450,800,625,,Within 1-2 weeks
322d1ee172dc,Handyman,Door repair / installation,27529,2026-03,Repair split or cracked door trim at one doorway,120,350,235,,As soon as possible
ed12ac689968,Pest Control,Ants,33411,2025-10,"Ant colony treatment, interior bait and exterior barrier",93.29,186.57,139.93,152.48,Within 1 month
4d01a3dbd011,Handyman,Tv Mounting,48532,2026-04,"Mounting an over 75"" TV on drywall with wood studs | I need my existing tv uninstall, and reinstall at my new address",450,900,675,,As soon as possible
dac8af8ab319,Handyman,Handyman,32808,2026-03,Repair <10 ft wooden fence with several posts replaced,350,900,625,,I'm flexible
6e229d195594,Cleaning,Deep cleaning,75240,2026-05,"Spring deep clean, 4BR/3BA, baseboards and blinds",263.12,473.62,368.37,374.34,Within 1 month
c19edfa3f6a2,Cleaning,"Soft washing (siding, roofs, stucco)",75150,2025-07,"Soft wash roof and gutters, single story",218.4,436.8,327.6,357.14,Within 1 week
d30b6ecd5d6e,Pest Control,Rodents (mice / rats),7410,2025-06,"Rat removal and attic cleanup, bait stations",318.35,636.7,477.53,387.41,Within 1 week
6058ce19ef73,Flooring,Flooring,61955,2026-04,"Repair subfloor and install supplied vinyl planks in medium bathroom | Evidently, wax ring on toilet deteriorated or fitting slipped. Did not notice until carpet in bathroom was saturated with water and would not dry. Upon examination, found particle board floor was starting to give way around front of toilet. So part of present floor would have to cut out and replaced. Instead of carpet going back in, we want to have waterproof vinyl planking installed. Really need to have this done as soon as possible.",700,1200,950,,Within 1-2 weeks
ddf87428c63d,Handyman,Tile repair,92223,2026-05,Replace tile stair nosing on full 13+ step staircase | Nosing on stairs is lifting,900,1800,1350,,Within 1-2 weeks
6cbb65e4607f,Flooring,Flooring,32327,2026-04,Diagnostic visit for squeaky glue-down hardwood via crawlspace | Inspect hardwood floors and provide estimate to repair,250,350,300,,I'm flexible
9e558a7dc777,Handyman,Picture / mirror hanging,32713,2026-04,Hang artwork on 15–18 ft high wall; we supply hardware | Please move two existing paintings up a few inches and add two more light framed artwork to the same wall,220,500,360,,As soon as possible
dcd6b4f7cc05,Exterior,Deck / fence cleaning and staining,21215,2026-04,Staining/painting small deck (≤100 sq ft) in good condition | Needs painting white,400,650,525,,As soon as possible
f1d3942db084,Moving,Residential Moving,7017,2026-05,"Load and unload 16-ft rental truck, local",263.28,526.56,394.92,387.09,
643cd2e0dc27,Cleaning,Window washing (exterior),32225,2025-09,"Exterior window wash, 2-story, 20 windows",219.92,439.84,329.88,376.04,Flexible
ffd57a1da62c,Landscaping,Mulching,77027,2026-04,Spread 5 cubic yards of mulch in front beds,152.72,305.44,229.08,259.38,Flexible
71c23d9658cc,Handyman,Furniture Assembly,39503,2026-03,Assemble 3–5 household furniture items (hardware supplied),150,320,235,,Within 1-2 weeks
419487a66d85,Electrical,Electrician,43613,2026-03,Minor electrical repairs or small installs | Install electric plugs,100,350,225,,As soon as possible
303a4d32b748,HVAC,AC repair,85040,2025-10,"Diagnose AC not cooling, recharge refrigerant",154.45,411.87,283.16,281.4,Within 2 weeks
bccc187b9613,Plumbing,Plumbing,95354,2026-03,Repair-only bathroom faucet service,120,250,185,,As soon as possible
f86cb6f7591d,Handyman,Door repair / installation,19131,2026-03,Repair one door jamb or frame,150,350,250,,As soon as possible
f22dcf4d1dd4,Pest Control,Termites,32225,2025-09,"Full perimeter liquid termite treatment, 1800 sq ft slab",853.9,1601.06,1227.48,1378.85,Within 1 month
1fda00bb3e47,Electrical,Light fixture installation,23661,2026-03,Install exhaust fan replacing existing bathroom ceiling light | Still need a light fixture if the vent goes where the present light is. The vent needs the moisture taken outside the house,450,1200,825,,As soon as possible
8e0c3b8faa09,Pest Control,Rodents (mice / rats),32578,2025-10,"Rat removal and attic cleanup, bait stations",327.35,654.7,491.03,414.29,Within 1 week
d886a46e106f,Painting,Interior painting,10921,2026-04,Patch two ceiling holes and paint all first-floor ceilings,450,900,675,,Within 1-2 weeks
802e31135377,Painting,Interior painting,46409,2026-05,"Medium living room walls painting | I need my living room walls painted, also the ceiling. I also have 2 small holes in my cieling that needs to be patched before painted. And a hallway 8- 10 ft in length. I will also be providing all paint for the job, plus any other materials needed for the job. Thank you Mario Harris",400,700,550,,I'm flexible
8fb95456f71e,Handyman,Handyman,60419,2026-03,Install supplied light bulb and screen-door latch | Install light bulb and put latch on screen door,60,100,80,,I'm flexible
a31b00d9c6a5,Landscaping,Lawn mowing / maintenance,28150,2026-04,"Mow small residential lawn under 1/4 acre, moderate clippings/weeds | I need my grass cut",45,75,60,,I'm flexible
4eef6101e21b,Plumbing,Garbage disposal install / repair,8009,2026-04,Install supplied garbage disposal on switched outlet under sink,150,250,200,,As soon as possible
9b65c00f518f,Cleaning,"Soft washing (siding, roofs, stucco)",76034,2026-03,"Soft wash roof and gutters, single story",270.32,540.63,405.48,437.25,Flexible
69769ab78b2e,Handyman,Handyman,47240,2026-03,"Replace 2 bathroom vanities and toilets; install wallpaper, 3 fans, 3 fixtures, rods | We just built our home but it was builder's choice on the interior. We're replacing to make it our own tastes.",5200,7600,6400,,I'm flexible
e8728d690d15,Landscaping,Garden bed design / planting,33434,2026-02,Plant 12 shrubs and perennials in front beds,264.66,529.31,396.99,438.84,Within 2 weeks
ae600b4ed00a,Handyman,Furniture Assembly,28906,2026-04,Assemble small 6'x6' greenhouse kit | Polycarbonate windows with metal frame including instructions,350,700,525,,As soon as possible
934b7e8be96b,Painting,House Painter,75048,2026-03,Refinish/paint 31–40 cabinet doors and drawers | Hardware needs to be replaced.,1500,3200,2350,,I'm flexible
dd9aeb023009,Electrical,Outlet / switch installation,19808,2026-04,Replace or install a GFCI outlet | In the bathroom,140,280,210,,Within 1-2 weeks
4cf826dd75e4,Handyman,Handyman,70601,2026-03,"Install one supplied 48–72"" curtain rod on standard drywall | Curtain rod installed",50,90,70,,As soon as possible
8eff417a0ed7,Handyman,Handyman,27609,2026-04,Repair split wooden headboard connection to post | This project will need glue injections into the wood and heavy clamps .,85,150,117.5,,Within 1-2 weeks
abdc52326182,Landscaping,Leaf cleanup / yard debris removal,17557,2026-03,Winter yard clean-up for small yard under 1/4 acre | Shutters need painted porch stained,150,250,200,,Within 1-2 weeks
9303f7d9cfd9,Handyman,Furniture Assembly,38851,2026-04,Assemble one table or desk (flat-pack) | I purchase a kitchen table off Amazon and need someone to assemble it for me,80,120,100,,As soon as possible
2cafe232be9a,Handyman,Furniture Assembly,90240,2026-03,Assemble one piece of residential furniture | Outdoor gazebo,80,140,110,,As soon as possible
8aab8fb5f1a9,Painting,House Painter,32818,2026-03,"Paint small bathroom drywall and install sideboards/trim | Yes, I need a mirror replaced in the bathroom. I need the project done ASAP",250,450,350,,As soon as possible
da162cc722f9,Handyman,Picture / mirror hanging,34744,2026-04,Hang 4–6 pictures with hardware supplied | Hanging large picture frames,120,230,175,,Within 1-2 weeks
0e3c11fafad9,Plumbing,Plumbing,60419,2026-04,Install supplied kitchen faucet and relight countertop stove pilot | Kitchen faucet replaced and counter top stove pilot lit.,120,180,150,,As soon as possible
da0176b4c76b,Painting,Interior painting,30058,2026-03,"Paint walls in bedroom, den, and kitchen (no repairs)",900,1500,1200,,Within 1-2 weeks
e781b2c55b7d,Landscaping,Lawn mowing / maintenance,84094,2026-04,Hand weeding 200 sq ft residential area | Picking weeds in flower garden,120,220,170,,Within 1-2 weeks
f2a184e7e0f1,Landscaping,Garden bed design / planting,77056,2025-12,Plant 12 shrubs and perennials in front beds,275.48,550.96,413.22,328.47,Within 2 weeks
840d98e504dd,Appliance Repair,Appliance Repair,32578,2025-10,"Install freestanding range, connect gas line",146.56,293.12,219.84,207.32,Within 1 week
9cff26cc9bc9,HVAC,Heating installation / replacement,7083,2025-10,Install 80k BTU gas furnace,2469.14,4444.45,3456.8,3224.58,Flexible
13b19ec2fb5d,Pest Control,Roaches,33027,2025-08,"German cockroach treatment, kitchen and baths, 2 visits",136.54,273.07,204.81,221.12,Flexible
73410b280868,Electrical,Light fixture installation,95616,2026-03,Install homeowner‑supplied light fixture,80,180,130,,As soon as possible
05a721545ecd,Flooring,Flooring,40201,2026-03,Carpet removal and install for one small room (you supply materials) | 190 soft for 300 to 320 for1.50 per sq ft,180,400,290,,As soon as possible
4ab5f50373ff,Plumbing,Drain cleaning / unclogging,10305,2026-03,Toilet unclogging using plunging/auger (ZIP 10305) | Bedroom paint,150,250,200,,I'm flexible
3aaf7d14678d,Handyman,Handyman,57103,2026-03,"Repair two 6-ft cedar fence sections and one broken post | Should be fairly easy to repair, several 2x4s may have to be replaced",425,950,687.5,,As soon as possible
7160a20005ff,Plumbing,Plumbing,31088,2026-03,Install non-electric bidet toilet seat on existing toilet | There is a spray bodee already there.I wannareplace it with another type,150,325,237.5,,As soon as possible
5139103f771d,Handyman,Tv Mounting,10467,2026-04,"Mount 50–65"" TV on drywall over studs | I have the mount already",150,250,200,,Within 1 month
979db23475e1,Exterior,Deck / fence cleaning and staining,27301,2026-05,Stain pressure-treated wood deck (~150–300 sq ft) with materials supplied,450,900,675,,As soon as possible
e8b6df3d77ba,Pest Control,Bed bugs,33139,2025-07,"Bed bug heat treatment, 2BR apartment",480.29,1152.69,816.49,876.19,Flexible
618b67dbb3a8,Handyman,Furniture Assembly,10022,2026-03,Assemble one large flat-pack furniture item | I would like someone to remove (disassemble) existing king size bed. And assemble on ikea king sized bed with drawers,120,220,170,,As soon as possible
1dcf6954b231,HVAC,AC repair,32207,2026-04,"Diagnose AC not cooling, recharge refrigerant",150.9,402.39,276.64,322.89,
fe75d80ac540,Handyman,Furniture Assembly,25311,2026-04,"Assemble table, corner shelf, cat enclosure, 2 bar stools; remove swing",180,300,240,,As soon as possible
59f2e08b9480,HVAC,Seasonal tune-up / maintenance,7410,2026-03,"Annual AC tune-up, inspect coils and refrigerant",84.06,157.6,120.83,103.57,Within 2 weeks
18b2b9dc9406,Painting,Interior painting,19977,2026-03,Staircase painting or staining | Im looking to stain my stairs,350,900,625,,Within 1-2 weeks
37c39c93d0e2,General Contractor,General Contractor,30625,2026-03,"Replace 24 ft front trim board with cement board, stop water intrusion | I need this done within the next 2 weeks. The house is 9 years old and in great shape, except for this project.",450,1200,825,850,Within 1-2 weeks
342bb53dc968,Pest Control,General extermination,7060,2026-01,"Quarterly pest treatment, 3BR house, interior and perimeter",74.06,138.86,106.46,115.23,Within 1 week
e74d3069d3a0,Electrical,Electrician,33462,2026-04,"Install 2 smoke detectors, replace 2 exhaust fans, replace 2 lights | 1st floor condo; no high ceilings. Electric panel is easily accessible.",420,780,600,,As soon as possible
ea587af64f69,Cleaning,Window washing (exterior),85001,2025-11,"Exterior window wash, 2-story, 20 windows",210.87,421.74,316.31,356.58,Within 1 week
19b9e26203c0,Roofing,Roofing,12306,2026-03,Install screening around 5–8 roof solar panels | I need someone to put screen around my solar panels,400,900,650,,I'm flexible
f034286a668c,HVAC,Heating repair,75104,2025-09,"Fix furnace ignitor, unit not starting",139.73,326.03,232.88,210.13,Within 2 weeks
bd2079738bf1,Handyman,Weather stripping / insulation,75126,2026-04,Install weatherstripping and replace/repair threshold (we supply materials) | Remove worn bottom seal to existing front door,180,320,250,,As soon as possible
8252e1d5fe9e,Painting,House Painter,37098,2026-03,Paint metal-sided outbuilding section (150–300 sq ft),400,800,600,,I'm flexible
70693321a54a,Moving,Junk Removal,85020,2025-11,"Full garage cleanout, estimated 2 truckloads",380.53,761.06,570.79,585.62,Within 1 week
3fe9924209db,Painting,House Painter,21661,2026-03,"Exterior paint/stain — one side, single-story | Paint all exterior trim and around 13 windows no photos",500,1400,950,,I'm flexible
0f13b329aacb,General Contractor,General Contractor,48114,2026-03,"Install 36"" exterior door opening in garage side wall | Need an exterior door cut out in the side of garage. Vinyl siding out, drywall in.also need to cut out 15 inch high knee wall for the door to sit on the floor. 36 inch door.",850,1700,1275,,Within 1-2 weeks
eef2f9329531,Pest Control,Wasps / hornets / bees,32578,2026-01,"Remove wasp nest under eave, 2nd story",86.31,215.77,151.04,157.19,Within 2 weeks
f432f3b7c5f6,Landscaping,Leaf cleanup / yard debris removal,13850,2026-03,"4-hour yard cleanup plus occasional light household chores | I would like some bushes planted along the property line, and the front of the house. The backyard needs a lot of attention it’s not healthy grass. I could send pictures",160,320,240,,I'm flexible
024e63e143c4,Plumbing,Plumbing,99037,2026-03,Repair and replace two shower valves (we supply parts),400,1200,800,,As soon as possible
7bf97288f7ac,Moving,Junk Removal,33458,2025-09,"Full garage cleanout, estimated 2 truckloads",366.64,733.28,549.96,595.21,Flexible
337e00526bf9,Handyman,Picture / mirror hanging,95076,2026-04,Hang 7–10 pictures on interior walls with supplied hardware,120,240,180,,As soon as possible
3b29bbd4908a,Painting,Interior painting,33763,2026-04,Bedroom walls painting project | Need a bedroom painted,250,450,350,,Within 1 month
281b13e30538,Painting,Interior painting,20747,2026-03,Paint or stain one interior door | Front Door painted Asap,75,150,112.5,,As soon as possible
53adbfe094b8,Plumbing,Toilet repair / installation,48240,2026-04,Repair running single-flush toilet in ZIP 48240,110,220,165,,As soon as possible
abc1ff388270,Handyman,Handyman,58503,2026-04,Raise laundry room cabinets to higher mounting height | Washer and dryer do not fit underneath want them raised to fit. So W/D will need move to the hallway temporarily,350,900,625,,Within 1-2 weeks
532d79cc5e85,Roofing,Roofing,32808,2026-03,"Patch 6–12"" hole on multi-layer asphalt shingle roof | Small hole in roof",350,650,500,,As soon as possible
28581d531e43,Electrical,Outlet / switch installation,32832,2026-04,Replace one standard electrical outlet | Outlet not working in the garage probably need to run wiring from the breaker,100,200,150,,As soon as possible
820acd0d5a58,Plumbing,Faucet / fixture installation,47803,2026-04,Repair leaky bathroom sink faucet with parts supplied,150,350,250,,As soon as possible
b4eed30197a0,Handyman,Deck repair,21225,2026-04,Replace rotted treated wood center post and correct porch sag,900,1600,1250,,Within 1 month
1c753160f146,Appliance Repair,Appliance Repair,77449,2026-03,"Repair built-in dishwasher, replace over‑the‑range microwave face, hang exterior night light | No thanks",360,900,630,,I'm flexible
595ccd2fce27,Handyman,Fence repair,60619,2026-04,Supply and install 5–6 ft single chain-link gate | Gate install,700,1300,1000,,As soon as possible
455b1009a8a7,Pest Control,Bed bugs,76010,2025-11,"Bed bug heat treatment, 2BR apartment",452.26,1085.42,768.84,670.3,Flexible
dcad6daef1d1,Moving,Packing and Unpacking Services,75219,2026-05,Pack kitchen and living room for 3BR move,224.86,449.72,337.29,322.75,Within 1 month
5076c7de3c66,Handyman,Handyman,30078,2026-04,"Adjust door latch, weatherstrip 4 doors and 1–2 windows, wall ding repair and paint | I want the master bedroom door adjusted and weather strips placed on all major doors as two windows in the master bedroom",300,500,400,,Within 1 month
0e74f3e37a16,Handyman,Handyman,8638,2026-03,Supply materials and install one brick on front step | Install a brick in my front door step,180,360,270,,Within 1-2 weeks
40550d2be84e,Moving,Junk Removal,33434,2025-08,"Haul old couch, mattress, 10 boxes from garage",140.03,280.05,210.04,214.02,Within 2 weeks
19eeffc3c1eb,Electrical,Electrician,64118,2026-03,Troubleshoot and repair minor electrical issue,120,450,285,,As soon as possible
e9d00659d61a,Painting,Interior painting,7607,2026-04,"Short hallway walls, trim, and ceiling painting (you supply paint) | I do need power washed the house and also the floors by the pool",350,650,500,,As soon as possible
8b1b880d1dca,Roofing,Roofing,29505,2026-04,Install soffit and fascia on an 8–12 ft porch,900,1400,1150,,As soon as possible
5d4384250644,Handyman,Furniture Assembly,8232,2026-04,"Assemble one large flat-pack furniture item | Hi, I need help removing my old over-the-range microwave and installing a new one in the same spot. Everything is standard and ready. My budget is tight — I only have $50 cash for the job. If you’re available and can help, please let me know. Thank you.",120,180,150,,As soon as possible
2c56403fcffb,Handyman,Fence repair,60160,2026-05,Repair sagging wood fence gate (inspect then repair) | I need someone to repair my fence gate,250,800,525,,Within 1 month
17582f51a0f6,Handyman,Handyman,27540,2026-03,Install and connect 2–3 home monitoring devices | ADT SYSTEM AND TV,160,320,240,,As soon as possible
f6d6279d84be,Landscaping,Leaf cleanup / yard debris removal,28734,2026-03,"Remove ≤25ft rigid PVC, burn yard waste, weed-eat, clear brush | General yard work no mowing. Some chainsaw",300,900,600,,Within 1-2 weeks
6edf4aafcf3d,Handyman,Handyman,53215,2026-03,Replace 2–5 roof shingles on typical residential roof | It's leaking through the attic. I assume it's the roof. Not a huge leak.,150,350,250,,Within 1-2 weeks
d53f1777a7a1,Landscaping,Tree trimming / removal,75219,2025-10,"Remove dead 40-ft pine, stump grind, haul",770.35,1733.29,1251.82,1326.17,Within 2 weeks
b23d8b6a2424,Plumbing,Toilet repair / installation,23237,2026-05,Install supplied flush/fill internals in two standard toilets,120,220,170,,Within 1-2 weeks
e2a7c0cee253,Painting,House Painter,80260,2026-03,Paint one side of house exterior siding | I’m not sure if it’s stained or needs to be repainted. It’s vinyl siding. I also need some landscaping done and help with moving some cinderblocks. I would like some interior painted as well and maybe some repair on the faucet in my bathroom as well as perhaps a new toilet.,600,1100,850,,I'm flexible
07816df1ab98,Electrical,Electrician,32667,2026-04,Diagnose 2–3 outlets/circuits with constant no power,160,420,290,,As soon as possible
92f2eca62b6d,Plumbing,Toilet repair / installation,48197,2026-04,Repair running toilet with parts supplied by contractor | (2) toilets running. (have to shut off valve to keep it from running),160,320,240,432,As soon as possible
3ee51d047159,Handyman,Handyman,73069,2026-03,"Assemble couch from one large shipping box | Its a 83"" couch still in the box",75,150,112.5,,Within 1 month
fb3e2c0015ad,Plumbing,Faucet / fixture installation,48111,2026-04,Replace shower panel and install single shower head (we supply fixtures),350,750,550,,As soon as possible
ff339a9bc988,Cleaning,Window washing (exterior),32034,2026-04,"Exterior window wash, 2-story, 20 windows",173.77,347.54,260.66,289.91,Within 2 weeks
66e475018f5f,Landscaping,Leaf cleanup / yard debris removal,85048,2025-08,"Fall leaf cleanup, 1/3 acre, bag and haul",132.02,264.05,198.04,205.92,Flexible
3af2c389bcab,Moving,Residential Moving,7108,2025-10,"Local move, 3BR house, 30-min drive, garage",477.19,1145.25,811.22,902.78,
04850bba0fdd,Roofing,Roofing,77042,2025-11,Emergency tarp and temp seal for storm damage,226.92,567.3,397.11,350.3,
d66d71c37254,Handyman,Handyman,29745,2026-03,"Repair 1"" drywall, repaint, replace recessed bulb, install supplied screen door, hang mirror, repair lamp socket | Would like all projects completed no later than 4/1.",190,420,305,,Within 1 month
e5f957560a7e,Plumbing,Garbage disposal install / repair,35661,2026-04,Replace supplied garbage disposal under kitchen sink,120,220,170,,As soon as possible
c08a1a268495,Handyman,Handyman,46143,2026-03,"Assemble furniture; install cabinet handles, napkin holders, curtain rods | Furniture assembly, Handles for kitchen cabinets, napkin holders in Washrooms, window curtain rods",180,450,315,,Within 1-2 weeks
10f40939e637,Handyman,Handyman,75904,2026-03,Repair top-of-track bifold door (single),75,180,127.5,,Within 1 month
b185e9bbd82d,Electrical,Outlet / switch installation,36608,2026-04,Replace a single standard electrical outlet,85,140,112.5,,Within 1 month
35a6c93873ac,Landscaping,Sprinkler repair,78504,2026-04,Repair 4–6 standard sprinkler heads | That was it,220,420,320,,As soon as possible
213fc33d8f2d,Painting,Interior painting,33771,2026-04,Trim painting/staining for 2–3 rooms (you supply materials),200,500,350,,As soon as possible
08cb25d5338e,Pest Control,Rodents (mice / rats),33418,2025-09,"Mouse exclusion and trapping, seal garage entry points",217.87,435.74,326.81,309.41,Flexible
30654f8da855,Pest Control,Termites,32207,2025-08,"Full perimeter liquid termite treatment, 1800 sq ft slab",859.17,1610.95,1235.06,1147.59,Within 2 weeks
fd458a3e9330,General Contractor,General Contractor,18104,2026-03,Repair or replace 4–6 concrete porch steps | The concrete step are crumbling braking apart,900,1500,1200,,Within 1-2 weeks
862c605c3e62,Handyman,Handyman,23225,2026-04,"Install 5–8 stock vinyl exterior shutters | Hello, I need exterior window shutters installed.",700,1200,950,,Within 1-2 weeks
b4bcbc5dbbef,Plumbing,Faucet / fixture installation,60440,2026-03,Install supplied single-handle deck-mount kitchen faucet | That's all!,180,320,250,,Within 1-2 weeks
cbe52a3141e6,Handyman,Handyman,29485,2026-03,Unspecified small home repair | Power lift/recliner does not work. Will not lift or recline.,150,300,225,,As soon as possible
e15ebcc90b82,Plumbing,Faucet / fixture installation,25125,2026-03,Install single-hole kitchen sink faucet | we want it done within a week,120,220,170,,As soon as possible
a6ea08cf9c70,Electrical,Electrician,76712,2026-03,Install supplied ceiling fan in standard single-family home | Remove light fixture and install fan,120,300,210,,As soon as possible
079adbe0749b,Moving,Residential Moving,33180,2025-12,"Load and unload 16-ft rental truck, local",214.69,429.38,322.03,323.55,Within 2 weeks
cad6ddf10c7f,Handyman,Drywall repair / patching,41659,2026-03,6–10 small drywall patches with minor carpentry repairs | Patching drywall and working on some doors,350,950,650,,As soon as possible
7bebc18820aa,HVAC,Duct repair / sealing,7076,2026-01,"Seal duct leaks in attic, mastic and foil tape",219.83,549.59,384.71,365.12,Within 2 weeks
b946d24a0770,Pest Control,Roaches,75228,2025-07,"German cockroach treatment, kitchen and baths, 2 visits",134.21,268.43,201.32,201.35,Flexible
e538262935f7,Remodeling,Remodeling,77396,2026-03,Install cabinets on existing kitchen island | Want storage added to my kitchen island,750,2600,1675,,I'm flexible
2a7185fd600e,Painting,House Painter,34759,2026-03,Paint one standard interior room walls,250,450,350,,As soon as possible
4c4d1c64b58e,Handyman,Handyman,43920,2026-03,"Replace door hardware only (lockset, knob, or lever) | Replace door handle",75,180,127.5,,Within 1-2 weeks
e78dcd2ab23b,Handyman,Handyman,1460,2026-04,"Handyman visit for 3–5 small household odd jobs | I am the widow of a man who could fix anything, still living in our home. i need someone to do my ""honey-do"" list.",175,375,275,,Within 1-2 weeks
9223a8bb0049,Handyman,Handyman,35126,2026-03,"3–4 small mixed repairs: electrical, plumbing, carpentry, painting | Would like to get it done as soon as possible and for a good price please",750,1500,1125,600,As soon as possible
1de5495d95a1,General Contractor,General Contractor,37185,2026-03,Subfloor/joist repair and leveling for two 13x12 rooms + small bathroom | Yes. It seems that the joists underneath the floors.have fallen making it impossible to enter the crawlspace.,2200,5200,3700,,Within 1-2 weeks
21cce305b20c,Painting,Interior painting,27597,2026-04,Trim touch-up painting (you supply paint) | Trim is too high for me to but I have a ladder which I can’t climb because my balance is bad.,90,240,165,,Within 1 month
e58a1066468c,Handyman,Drywall repair / patching,60148,2026-03,Small drywall patch repair,80,250,165,,As soon as possible
a7365b763653,Landscaping,Garden bed design / planting,32819,2025-07,Plant 12 shrubs and perennials in front beds,267.39,534.79,401.09,361.02,Within 2 weeks
e209f7b7bfe0,Painting,House Painter,29483,2026-03,Install wallpaper on partial walls | Small hallway with 4 doors,150,600,375,,As soon as possible
e69e7a34617f,Moving,Residential Moving,76010,2026-03,Move large safe from garage to 2nd floor,190.08,475.21,332.64,374.62,Within 2 weeks
6782b928b930,Handyman,Fence repair,33311,2026-04,Minor fence repair of 1–3 panels in ZIP 33311,250,650,450,500,As soon as possible
881c7eeb306d,Handyman,Furniture Assembly,31210,2026-05,Assembly of two medium furniture items | Need two desks put together,120,220,170,,As soon as possible
4d378dec1f63,Appliance Repair,Appliance Repair,72113,2026-03,Dishwasher reset only (basic reset and test) | Runs only for 122 mins only,60,120,90,,As soon as possible
d342fcf35246,Landscaping,Leaf cleanup / yard debris removal,33155,2025-10,"Fall leaf cleanup, 1/3 acre, bag and haul",167.5,335.01,251.25,243.65,Within 1 week
972023c1a613,Cleaning,Move-in / move-out cleaning,76137,2026-02,"Move-out clean, 2BR apartment, oven and fridge",210.21,367.86,289.04,301.83,Within 1 month
34a2b99c0241,Handyman,Drywall repair / patching,96819,2026-03,Frame and repair small (≤4 ft) wall section,450,900,675,,As soon as possible
33cdd7617963,Handyman,Door repair / installation,28409,2026-04,Trim/resize a single interior door with supplied materials | New interior door won't close properly,180,360,270,,As soon as possible
e3649c5af355,Pest Control,Ants,7090,2025-06,"Ant colony treatment, interior bait and exterior barrier",105.92,211.83,158.88,144.67,Flexible
6785481828c6,Plumbing,Faucet / fixture installation,60636,2026-04,Repair a leaky faucet (you supply faucet),120,250,185,,As soon as possible
c7e17652d255,Electrical,Light fixture installation,48214,2026-03,"Replace supplied light fixture (standard ceiling) | I have two light fixtures, living room and dining room. I want to replace them with the new ones I have them.",80,220,150,,As soon as possible
338d9ecfd128,Appliance Repair,Appliance Repair,33613,2026-04,Diagnose and perform simple repairs on top-load agitator washer | Has water level sensor and does not seem to be working,120,300,210,,As soon as possible
3810958e93e8,Handyman,Tv Mounting,35541,2026-03,"Mounting an over-70"" TV on a first-floor wall (you supply mount) | We have a 65 inch already hanging and wanting to put a 75 inch",325,700,512.5,,As soon as possible
fa7c73f19c30,Plumbing,Drain cleaning / unclogging,33712,2026-04,Clear toilet clog (single fixture),125,300,212.5,,As soon as possible
ce332c83a236,Handyman,Door repair / installation,35150,2026-03,Tighten one screen door hinge,60,90,75,,As soon as possible
4572a6e276ac,Exterior,Deck / fence cleaning and staining,35759,2026-05,Staining exterior deck railings over 100 ft in good condition | You can buy the stain or I will buy the thing whichever is best or you can pick it out and I will pay for it,400,700,550,,Within 1 month
35450dd5d167,Plumbing,Plumbing,33776,2026-04,"Install supplied 24–36"" bathroom vanity and sink (standard plumbing) | need assist to remove old snd haul away",350,600,475,,Within 1 month
651cd1351782,Painting,Interior painting,44053,2026-04,Bathroom walls painting with paint supplied by contractor,275,550,412.5,,I'm flexible
9775a97df5fa,Flooring,Flooring,28714,2026-03,"Replace damaged subfloor in living room, bedroom, kitchen | Sink cabinet in kitchen will need to be removed before replacing subfloor.",900,2200,1550,,As soon as possible
514cfacbe557,Painting,Interior painting,70003,2026-04,Hallway walls painting with materials supplied by contractor,250,500,375,,Within 1-2 weeks
690b0ff208b0,Handyman,Furniture Assembly,49855,2026-04,Assemble one small and one medium complex furniture item (no anchoring) | I need a small table reassembled. Unsure of screws. Bought a record player stand off Amazon. I can’t assemble as old & disabled.,170,270,220,,As soon as possible
fcb55bd7a875,Handyman,Handyman,38049,2026-03,Connect smartphone to Alexa (pairing and account setup) | device was connection just stopped connection for no reason. Nothing is broken or disconnected that I know of.,50,90,70,,I'm flexible
4f360d2e245c,Plumbing,Faucet / fixture installation,30094,2026-03,Install homeowner-supplied goose neck faucet and bathroom mirror | I have a goose neck faucet that needs installed and a wall mirror in my bathroom that needs installed. If the pricing is reasonable I would love to move forward with this project.,160,360,260,,As soon as possible
0f7300765b0e,Roofing,Roofing,43932,2026-03,Apply homeowner-supplied roof sealer to small area | Put some sealer on a small area roof,120,220,170,,Within 1-2 weeks
